interview__key,interview__id,est_code,county_name,se1,se1i,se2__1,se2__2,se2__3,se3a__1,se3a__2,se3a__3,se3a__4,se3a__5,se3a__6,se3a__7,se3a__8,se3a__96,se3a__9,se3_other,se4a,se4b,se5a,se5b1,se5b2,se6__1,se6__2,se6__3,se6__4,se6__5,se6__96,se6i,se7,se8b,se9__1,se9__2,se9__3,se9__4,se9__5,se10__1,se10__2,se10__3,se11__1,se11__2,se11__3,se11__4,se11__5,se11__6,se11__96,se11i,se12,se12i,se13,se14__1,se14__2,se14__3,se14__4,se14__5,se14__96,se14i,se15,se16,se16i
01-83-49-21,71ef94ac10b2447c8d65b2702910bf2d,341.0,NAIROBI CITY,1,,1.0,1.0,1.0,1.0,1.0,1.0,1.0,1.0,1.0,0.0,1.0,0.0,,,,,3.0,,,1.0,1.0,1.0,1.0,1.0,1.0,Appraisal and ledger fee,12.0,,0.0,1.0,0.0,1.0,0.0,1.0,1.0,0.0,1.0,1.0,1.0,1.0,0.0,1.0,0.0,,96.0,High cost of land,0.0,,,,,,,,1.0,,
77-67-00-62,2870794e01864a3baf6d44ef7c4e44b5,163.0,NAIROBI CITY,1,,1.0,1.0,1.0,1.0,1.0,1.0,1.0,1.0,1.0,0.0,1.0,0.0,0.0,,42400000000.0,11.7,3.0,210.0,478.0,1.0,1.0,1.0,1.0,1.0,0.0,,12.1,,0.0,0.0,0.0,0.0,0.0,1.0,0.0,0.0,1.0,1.0,1.0,0.0,1.0,0.0,0.0,,6.0,,1.0,1.0,0.0,2.0,3.0,0.0,0.0,,1.0,1.0,
01-77-54-28,2066d037374243e3b9084d8dc0937c14,187.0,NAIROBI CITY,1,,0.0,0.0,0.0,1.0,1.0,1.0,1.0,0.0,1.0,0.0,1.0,0.0,1.0,,18110000000.0,3.1,3.0,339.0,13.0,0.0,0.0,0.0,1.0,0.0,0.0,,15.0,,1.0,1.0,1.0,1.0,1.0,0.0,1.0,1.0,1.0,1.0,1.0,1.0,1.0,1.0,0.0,,3.0,,1.0,0.0,0.0,1.0,0.0,2.0,0.0,,1.0,1.0,
01-40-99-54,07ddb74d52b0443c815ccd0c828a79b3,166.0,NAIROBI CITY,1,,0.0,0.0,1.0,0.0,0.0,0.0,0.0,0.0,1.0,0.0,0.0,0.0,0.0,,8379808000.0,3.0,3.0,4.0,14.0,1.0,0.0,0.0,0.0,0.0,0.0,,18.0,,0.0,0.0,0.0,0.0,0.0,1.0,0.0,0.0,1.0,1.0,1.0,0.0,0.0,0.0,0.0,,5.0,,0.0,,,,,,,,0.0,3.0,
51-62-37-61,c8b35562f7a54acbb9865fca6fd6c215,191.0,NAIROBI CITY,1,,0.0,0.0,1.0,0.0,0.0,1.0,1.0,0.0,1.0,0.0,0.0,0.0,0.0,,30115342.0,27.81,3.0,63.0,15.0,1.0,1.0,1.0,1.0,1.0,0.0,,15.71,,0.0,0.0,0.0,0.0,0.0,1.0,1.0,1.0,1.0,1.0,1.0,1.0,1.0,1.0,1.0,Allow guarantors and/or relative to redeem the loans,6.0,,1.0,1.0,0.0,0.0,2.0,3.0,0.0,,0.0,1.0,
81-55-12-61,3dfe2f3d019342fe985917c8f68d3ddf,161.0,NAIROBI CITY,1,,0.0,0.0,0.0,1.0,1.0,1.0,1.0,1.0,1.0,0.0,1.0,0.0,0.0,,742000000.0,6.0,3.0,1.0,0.0,1.0,1.0,1.0,1.0,1.0,0.0,,18.0,,0.0,0.0,0.0,0.0,0.0,1.0,0.0,0.0,1.0,1.0,0.0,1.0,0.0,0.0,0.0,,4.0,,1.0,0.0,0.0,1.0,0.0,0.0,0.0,,0.0,1.0,
31-23-39-15,d558ea8116fb4f0a8a46fb9603c5fe67,351.0,NAIROBI CITY,1,,1.0,1.0,1.0,1.0,1.0,1.0,1.0,0.0,1.0,0.0,1.0,1.0,1.0,Equity Release,51520444787.0,21.0,3.0,0.0,0.0,1.0,1.0,1.0,1.0,1.0,1.0,Annual Review fee,15.98,,1.0,1.0,1.0,0.0,1.0,1.0,1.0,1.0,1.0,1.0,1.0,1.0,1.0,1.0,0.0,,2.0,,1.0,1.0,2.0,0.0,0.0,0.0,3.0,Financial ability of the borrower,1.0,5.0,
55-50-10-58,78fd8a9c72d345b1afdd9f7d92ac31e3,193.0,NAIROBI CITY,1,,0.0,0.0,0.0,1.0,0.0,0.0,0.0,0.0,0.0,0.0,0.0,0.0,,,22000000000.0,0.16,3.0,96.0,96.0,,,,,,,,7.0,,0.0,0.0,0.0,0.0,0.0,,,,1.0,1.0,1.0,1.0,0.0,0.0,0.0,,3.0,,1.0,0.0,1.0,0.0,2.0,3.0,0.0,,0.0,1.0,
03-31-37-15,f5a8e268f1f540c2ad7831451c84edac,160.0,NAIROBI CITY,1,,1.0,1.0,1.0,1.0,1.0,1.0,1.0,1.0,1.0,0.0,0.0,0.0,0.0,,11933139863.26,2.27,3.0,21.0,95.0,1.0,1.0,1.0,1.0,0.0,0.0,,13.0,,0.0,0.0,0.0,1.0,0.0,1.0,0.0,0.0,1.0,1.0,1.0,0.0,0.0,0.0,0.0,,3.0,,1.0,1.0,2.0,3.0,0.0,0.0,0.0,,0.0,1.0,
16-24-27-74,10ac65f856c04372a2e18889bb6f698c,153.0,NAIROBI CITY,1,,0.0,0.0,0.0,0.0,0.0,0.0,0.0,0.0,0.0,0.0,0.0,0.0,,,2860000000.0,,3.0,0.0,0.0,,,,,,,,,,0.0,0.0,0.0,0.0,0.0,1.0,0.0,0.0,1.0,1.0,1.0,1.0,1.0,0.0,0.0,,2.0,,0.0,,,,,,,,0.0,96.0,Don't participate in the same.
74-76-57-70,0d62c8f290084dfda0d76bb7d7d4dbb5,184.0,NAIROBI CITY,1,,0.0,0.0,0.0,1.0,1.0,1.0,1.0,1.0,1.0,0.0,1.0,0.0,,,545996000.0,,3.0,27.0,13.0,1.0,1.0,1.0,1.0,1.0,0.0,,15.0,,0.0,0.0,0.0,0.0,0.0,1.0,0.0,0.0,0.0,0.0,0.0,0.0,0.0,0.0,0.0,,6.0,,1.0,1.0,2.0,3.0,0.0,0.0,0.0,,0.0,1.0,
04-00-44-21,9ce3c35f987b49c4ad3c43ae534c13d1,347.0,NAIROBI CITY,1,,0.0,0.0,0.0,0.0,0.0,0.0,1.0,0.0,1.0,0.0,0.0,0.0,,,727523209.0,35.46,3.0,15.0,17.0,0.0,0.0,0.0,0.0,0.0,0.0,,15.0,,0.0,0.0,0.0,0.0,1.0,1.0,0.0,0.0,1.0,1.0,1.0,1.0,0.0,0.0,0.0,,2.0,,0.0,,,,,,,,0.0,1.0,
27-84-11-29,cf09f82ca643429f9c50e5090a9d55d5,190.0,NAIROBI CITY,1,,1.0,1.0,1.0,1.0,1.0,1.0,1.0,1.0,1.0,1.0,1.0,0.0,1.0,,52809443395.32,27.34,3.0,107.0,215.0,1.0,1.0,1.0,1.0,1.0,0.0,,16.5,,0.0,0.0,0.0,0.0,0.0,1.0,0.0,1.0,1.0,1.0,1.0,1.0,1.0,0.0,0.0,,4.0,,1.0,1.0,2.0,0.0,0.0,0.0,0.0,,1.0,1.0,
33-27-91-39,eef4ac9b37a04bfb8fc4a41a18888f3a,167.0,NAIROBI CITY,1,,0.0,0.0,1.0,0.0,0.0,0.0,1.0,0.0,1.0,0.0,1.0,1.0,,not specific but are on housing,23020000000.0,8.0,3.0,0.0,0.0,1.0,1.0,1.0,1.0,1.0,1.0,processing fee,13.0,,0.0,0.0,0.0,0.0,0.0,1.0,0.0,0.0,1.0,1.0,1.0,1.0,0.0,0.0,0.0,,4.0,,1.0,0.0,0.0,1.0,0.0,0.0,0.0,,1.0,1.0,
58-12-55-43,0cb09a202ba243aa9f1e02e9bae4f5d8,155.0,NAIROBI CITY,1,,0.0,0.0,0.0,,,,,,,,,,,,33690023659.0,12.04,3.0,,,,,,,,,,14.5,,0.0,0.0,0.0,0.0,0.0,1.0,1.0,1.0,1.0,1.0,1.0,0.0,0.0,0.0,0.0,,96.0,"demystify product, lack of supply of affordable units",1.0,0.0,0.0,1.0,0.0,0.0,2.0,client affordability,1.0,1.0,
89-52-05-50,08deca488b0842a6b55bc9ed55be7884,340.0,NAIROBI CITY,1,,1.0,0.0,1.0,1.0,0.0,0.0,0.0,0.0,1.0,0.0,0.0,0.0,0.0,,4987724536.12,0.02,3.0,1.0,4.0,0.0,0.0,0.0,0.0,0.0,0.0,,8.0,,0.0,0.0,0.0,0.0,0.0,0.0,0.0,1.0,0.0,0.0,1.0,1.0,0.0,0.0,0.0,,3.0,,1.0,0.0,0.0,1.0,0.0,0.0,0.0,,0.0,1.0,
46-09-69-03,f5436b58afc241a88caa59c770348069,86.0,Kiambu,1,,1.0,0.0,0.0,1.0,0.0,0.0,0.0,0.0,0.0,0.0,0.0,0.0,0.0,,110774320.0,0.63,5.0,0.0,0.0,,,,,,,,,,0.0,0.0,0.0,0.0,0.0,1.0,0.0,0.0,1.0,0.0,0.0,0.0,0.0,0.0,0.0,,1.0,,0.0,,,,,,,,0.0,96.0,none
61-65-82-92,95d9c646245c4bfa9aac1d33757ce657,344.0,NAIROBI CITY,1,,0.0,0.0,0.0,1.0,0.0,1.0,1.0,0.0,1.0,0.0,1.0,0.0,,,328881098.98,13.09,3.0,194.0,92.0,0.0,0.0,0.0,0.0,0.0,0.0,,8.1,,0.0,0.0,0.0,0.0,0.0,1.0,0.0,0.0,1.0,1.0,1.0,0.0,0.0,0.0,0.0,,2.0,,1.0,0.0,1.0,0.0,0.0,0.0,0.0,,0.0,1.0,
52-36-86-02,e0fe9433009d414ab104180ddd57abdf,194.0,NAIROBI CITY,1,,0.0,0.0,1.0,0.0,0.0,0.0,0.0,0.0,1.0,0.0,0.0,0.0,0.0,,25334420225.0,,3.0,6.0,6.0,1.0,1.0,1.0,1.0,1.0,0.0,,11.0,,0.0,0.0,0.0,0.0,0.0,0.0,0.0,1.0,1.0,1.0,1.0,0.0,0.0,0.0,0.0,,5.0,,1.0,1.0,0.0,2.0,0.0,3.0,0.0,,0.0,2.0,
97-04-80-12,10993819ad0c44d2af53b60dbd3f20df,164.0,NAIROBI CITY,1,,0.0,0.0,0.0,1.0,1.0,1.0,1.0,1.0,1.0,0.0,0.0,0.0,0.0,,,12.0,3.0,34.0,102.0,1.0,1.0,1.0,1.0,0.0,0.0,,,,,,,,,,,,,,,,,,,,,,,,,,,,,,,,
19-83-06-00,aeaa2622178e47ee9080d917a1daa56b,342.0,NAIROBI CITY,1,,1.0,1.0,1.0,0.0,0.0,1.0,1.0,1.0,1.0,0.0,0.0,0.0,0.0,,4763000000.51,1.56,3.0,28.0,22.0,1.0,1.0,1.0,1.0,0.0,0.0,,14.0,,0.0,0.0,0.0,0.0,0.0,1.0,0.0,0.0,1.0,1.0,1.0,0.0,1.0,0.0,0.0,,6.0,,1.0,1.0,0.0,0.0,0.0,0.0,0.0,,0.0,1.0,
20-18-21-98,f1c85db3a4c648d186149f8833d3e11d,159.0,NAIROBI CITY,1,,0.0,0.0,0.0,0.0,0.0,0.0,0.0,0.0,1.0,0.0,0.0,1.0,,auto loans,27865271306.0,,3.0,20.0,184.0,1.0,1.0,1.0,1.0,1.0,1.0,excise duty,16.5,5.0,0.0,0.0,0.0,0.0,0.0,1.0,0.0,1.0,1.0,1.0,1.0,0.0,0.0,0.0,0.0,,3.0,,1.0,0.0,0.0,1.0,0.0,0.0,0.0,,0.0,1.0,
50-36-28-84,05c599283858409595f1eae2c112922c,189.0,NAIROBI CITY,1,,0.0,0.0,0.0,0.0,1.0,1.0,1.0,0.0,1.0,1.0,1.0,0.0,,,59860697000.0,1.18,3.0,0.0,0.0,1.0,1.0,1.0,1.0,1.0,0.0,,13.7,,0.0,0.0,0.0,0.0,0.0,1.0,0.0,0.0,1.0,1.0,1.0,1.0,1.0,0.0,0.0,,2.0,,1.0,1.0,2.0,3.0,0.0,0.0,0.0,,0.0,1.0,
75-21-55-85,7c22202a5b784dcfb0d8b4d7c8e15ce5,192.0,NAIROBI CITY,1,,0.0,0.0,0.0,1.0,1.0,1.0,1.0,0.0,1.0,1.0,1.0,0.0,1.0,,240020000000.0,0.24,3.0,,,0.0,0.0,0.0,0.0,0.0,0.0,,17.0,,1.0,1.0,1.0,0.0,1.0,1.0,1.0,0.0,1.0,1.0,1.0,1.0,1.0,0.0,0.0,,4.0,,0.0,,,,,,,,0.0,1.0,
02-52-64-13,b6c13ec725814b71ba82a4fb9c5d8d02,188.0,NAIROBI CITY,1,,1.0,1.0,1.0,1.0,1.0,0.0,0.0,0.0,1.0,0.0,0.0,0.0,1.0,,87856876814.0,22.0,5.0,0.0,0.0,0.0,0.0,1.0,1.0,0.0,0.0,,11.91,,0.0,0.0,0.0,1.0,0.0,1.0,0.0,0.0,1.0,1.0,1.0,1.0,1.0,1.0,0.0,,6.0,,0.0,,,,,,,,0.0,1.0,
42-30-08-15,80be1574a4024fad9c063868a2f0c3b5,346.0,NAIROBI CITY,1,,1.0,1.0,0.0,1.0,1.0,1.0,1.0,1.0,1.0,1.0,1.0,0.0,0.0,,52550000.0,,3.0,30.0,20.0,1.0,0.0,1.0,1.0,1.0,0.0,,11.8,3.0,0.0,0.0,0.0,0.0,0.0,1.0,1.0,0.0,1.0,1.0,0.0,1.0,0.0,1.0,0.0,,3.0,,0.0,,,,,,,,1.0,1.0,
39-83-29-02,a525b7b5d2734c72850ef1a48a5647a1,162.0,NAIROBI CITY,1,,0.0,0.0,1.0,1.0,0.0,0.0,0.0,0.0,1.0,0.0,0.0,0.0,0.0,,8500000.0,1.0,3.0,3.0,11.0,0.0,0.0,0.0,0.0,0.0,0.0,,7.0,,0.0,0.0,0.0,0.0,0.0,0.0,1.0,0.0,1.0,1.0,1.0,1.0,1.0,1.0,0.0,,1.0,,1.0,1.0,0.0,2.0,3.0,0.0,0.0,,0.0,1.0,
88-57-85-88,4e166af96e7d4aaeb6f91f2694d99fbb,165.0,NAIROBI CITY,1,,0.0,0.0,0.0,0.0,0.0,0.0,0.0,0.0,0.0,0.0,0.0,0.0,,,,,4.0,0.0,0.0,,,,,,,,,,0.0,0.0,0.0,0.0,0.0,1.0,0.0,0.0,0.0,0.0,0.0,0.0,0.0,0.0,0.0,,3.0,,1.0,0.0,0.0,3.0,2.0,1.0,0.0,,0.0,96.0,Never had such case's
02-89-23-89,7488f6b3def9448181d9232ff71f179f,168.0,NAIROBI CITY,1,,0.0,0.0,0.0,1.0,1.0,1.0,1.0,0.0,1.0,0.0,1.0,1.0,,Other Development Loans,,38.5,3.0,10.0,13.0,0.0,0.0,0.0,0.0,0.0,0.0,,11.5,,0.0,0.0,0.0,0.0,0.0,1.0,0.0,0.0,1.0,1.0,1.0,0.0,0.0,0.0,0.0,,4.0,,1.0,0.0,1.0,2.0,0.0,0.0,0.0,,0.0,1.0,
42-03-89-09,7a8f85760272402284ac385b0038f732,348.0,NAIROBI CITY,1,,0.0,0.0,0.0,1.0,1.0,1.0,1.0,0.0,1.0,0.0,1.0,1.0,1.0,"Equity release, personal loans and home improvement loans",21746182000.0,8.0,3.0,,,1.0,1.0,1.0,1.0,1.0,1.0,Collateral Replacement Indemnity Insurance,11.3,3.0,0.0,0.0,0.0,0.0,0.0,1.0,0.0,0.0,1.0,1.0,1.0,0.0,0.0,0.0,0.0,,4.0,,1.0,0.0,0.0,0.0,0.0,0.0,1.0,Insurable loan limits,1.0,5.0,
64-49-09-53,2d19ca6ecb65456ebf1d827d6dee47f8,157.0,NAIROBI CITY,1,,0.0,0.0,0.0,1.0,1.0,1.0,1.0,1.0,1.0,0.0,1.0,0.0,0.0,,,,3.0,,,1.0,1.0,0.0,1.0,1.0,0.0,,13.67,,0.0,0.0,0.0,0.0,0.0,1.0,0.0,1.0,1.0,1.0,1.0,1.0,0.0,0.0,0.0,,96.0,##N/A##,1.0,1.0,2.0,3.0,0.0,0.0,0.0,,1.0,1.0,
83-32-18-01,eda8ccb21b5d4262b880cda03d2cbab5,156.0,NAIROBI CITY,1,,0.0,0.0,0.0,0.0,0.0,0.0,0.0,0.0,0.0,0.0,0.0,0.0,,,55668406000.0,,5.0,0.0,0.0,,,,,,,,,,0.0,0.0,0.0,0.0,0.0,1.0,0.0,0.0,1.0,1.0,1.0,1.0,0.0,0.0,0.0,,,,0.0,,,,,,,,0.0,,
50-90-27-18,d93540945c3a425fa46697a80e642e06,345.0,NAIROBI CITY,1,,0.0,0.0,0.0,1.0,1.0,1.0,1.0,1.0,1.0,0.0,1.0,0.0,0.0,,10742644.0,,3.0,8.0,8.0,0.0,0.0,0.0,0.0,0.0,0.0,,24.0,,0.0,0.0,0.0,0.0,0.0,1.0,0.0,0.0,1.0,1.0,0.0,1.0,1.0,0.0,0.0,,1.0,,1.0,1.0,2.0,3.0,0.0,0.0,0.0,,1.0,1.0,
26-06-66-89,ac0a41648a3548c4a3b8b0e9f10d34ad,337.0,NAIROBI CITY,2,,1.0,1.0,0.0,0.0,0.0,0.0,0.0,0.0,0.0,0.0,0.0,0.0,1.0,,50000000.0,,1.0,0.0,0.0,,,,,,,,,,0.0,0.0,0.0,0.0,0.0,0.0,1.0,0.0,1.0,1.0,1.0,1.0,0.0,1.0,0.0,,3.0,,0.0,,,,,,,,0.0,5.0,
17-82-06-43,c0e031b2a55b4caea8940c6ff7edbadf,180.0,NAIROBI CITY,2,,0.0,0.0,0.0,0.0,0.0,0.0,0.0,0.0,0.0,1.0,0.0,0.0,,,473478981.0,,3.0,0.0,0.0,,,,,,,,,,0.0,0.0,0.0,0.0,0.0,1.0,1.0,1.0,1.0,1.0,0.0,1.0,0.0,0.0,0.0,,96.0,N/A,0.0,,,,,,,,0.0,96.0,N/A
62-54-79-04,5dfb29c8361d4f84b8744c0d5e8deaa8,138.0,Busia,5,,1.0,1.0,1.0,1.0,0.0,1.0,1.0,1.0,1.0,0.0,0.0,0.0,0.0,,1734674402.0,,1.0,0.0,0.0,0.0,0.0,0.0,0.0,0.0,0.0,,,,0.0,0.0,0.0,0.0,0.0,1.0,0.0,0.0,1.0,0.0,0.0,0.0,0.0,0.0,0.0,,,,,,,,,,,,,1.0,
22-00-01-82,f91fbb34202246da863387afe2d5e275,333.0,NAIROBI CITY,2,,0.0,0.0,0.0,1.0,0.0,1.0,0.0,0.0,0.0,0.0,0.0,0.0,0.0,,2547335683.0,0.45,2.0,0.0,0.0,,,,,,,,,,0.0,0.0,0.0,0.0,0.0,1.0,0.0,0.0,1.0,1.0,0.0,1.0,0.0,0.0,0.0,,6.0,,1.0,0.0,0.0,1.0,2.0,0.0,0.0,,0.0,6.0,
33-72-78-90,6fcddf76ce204177abf3eac1ade4d2e5,17.0,Embu,5,,1.0,0.0,0.0,1.0,0.0,0.0,0.0,0.0,0.0,0.0,0.0,0.0,0.0,,250000000.0,3.0,1.0,0.0,0.0,,,,,,,,,1.0,0.0,1.0,0.0,0.0,0.0,1.0,0.0,0.0,1.0,1.0,1.0,1.0,0.0,0.0,0.0,,5.0,,0.0,,,,,,,,0.0,1.0,
72-19-63-21,3192e25bae9944b88d4c7dffffaad206,152.0,NAIROBI CITY,1,,0.0,0.0,0.0,1.0,1.0,1.0,1.0,1.0,1.0,0.0,0.0,0.0,0.0,,,,,,,1.0,1.0,1.0,0.0,1.0,,,,,1.0,1.0,1.0,1.0,,,,,,,,,,,,,,,,,,,,,,,,,
07-83-43-40,e68d1cae93fc42978eb21eb5b0a557c8,339.0,NAIROBI CITY,2,,0.0,0.0,0.0,1.0,1.0,1.0,1.0,0.0,0.0,0.0,0.0,0.0,0.0,,48858129.0,5.0,3.0,,,,,,,,,,12.0,,0.0,0.0,0.0,0.0,0.0,1.0,0.0,0.0,1.0,1.0,1.0,1.0,0.0,0.0,0.0,,5.0,,0.0,,,,,,,,0.0,1.0,
72-08-17-86,c0d37dfdd3c04e8b8896365bd13648b3,343.0,NAIROBI CITY,2,,0.0,0.0,0.0,0.0,0.0,0.0,0.0,0.0,0.0,0.0,0.0,0.0,0.0,,251898032.0,,3.0,0.0,0.0,,,,,,,,,,0.0,0.0,0.0,0.0,0.0,1.0,0.0,0.0,0.0,0.0,0.0,0.0,0.0,0.0,0.0,,96.0,They don't lend money for mortgage and construction,0.0,,,,,,,,0.0,96.0,None because they don't offer such loans
37-95-52-99,48ef07335fae4e24a9c123f637ce4ad9,183.0,NAIROBI CITY,2,,0.0,0.0,0.0,1.0,1.0,1.0,1.0,1.0,1.0,0.0,0.0,0.0,0.0,,,,1.0,0.0,0.0,1.0,1.0,1.0,1.0,1.0,1.0,stamp duty on charge,18.0,,0.0,0.0,0.0,1.0,0.0,1.0,0.0,0.0,1.0,1.0,1.0,1.0,0.0,0.0,0.0,,3.0,,1.0,1.0,0.0,0.0,0.0,0.0,0.0,,0.0,1.0,
50-45-87-69,f4e807f2c9294924bce9cfd8af8fe18f,338.0,NAIROBI CITY,2,,0.0,0.0,0.0,0.0,0.0,1.0,0.0,0.0,0.0,0.0,0.0,0.0,,,1739860886.0,3.0,3.0,145.0,0.0,,,,,,,,18.0,,0.0,0.0,0.0,0.0,0.0,1.0,0.0,0.0,1.0,1.0,1.0,0.0,0.0,0.0,0.0,,6.0,,0.0,,,,,,,,0.0,1.0,
69-96-10-59,aed23862dd1a43d59d49e4ecad86dc86,335.0,NAIROBI CITY,2,,0.0,1.0,1.0,0.0,0.0,0.0,0.0,1.0,1.0,0.0,0.0,0.0,,,486199787.0,8.0,3.0,3.0,32.0,1.0,1.0,1.0,1.0,1.0,0.0,,6.0,15.0,0.0,0.0,0.0,0.0,0.0,1.0,0.0,0.0,1.0,1.0,1.0,1.0,0.0,0.0,0.0,,3.0,,1.0,0.0,0.0,1.0,2.0,3.0,0.0,,0.0,1.0,
13-12-34-97,ddb508dbdd004450b2102678e79fa8d6,182.0,NAIROBI CITY,2,,0.0,0.0,0.0,0.0,0.0,0.0,0.0,0.0,0.0,0.0,0.0,0.0,0.0,,,,5.0,0.0,0.0,,,,,,,,,,0.0,0.0,0.0,0.0,0.0,1.0,0.0,1.0,1.0,1.0,1.0,1.0,0.0,0.0,0.0,,5.0,,0.0,,,,,,,,0.0,1.0,
13-23-05-39,dbcd5337e0be4d42a8b8eb3abf39fd3f,181.0,NAIROBI CITY,2,,0.0,0.0,0.0,0.0,0.0,0.0,0.0,0.0,0.0,0.0,0.0,0.0,0.0,,,,1.0,0.0,0.0,,,,,,,,,,0.0,0.0,0.0,0.0,0.0,1.0,0.0,0.0,0.0,1.0,1.0,0.0,0.0,0.0,0.0,,96.0,Umba Microfinance have not yet ventured into housing Financing,0.0,,,,,,,,0.0,96.0,Umba Microfinance have not yet ventured into housing Financing.
87-22-48-53,1504cae950114c8b9773907fab0eb142,334.0,NAIROBI CITY,2,,0.0,0.0,0.0,1.0,1.0,1.0,1.0,1.0,1.0,0.0,0.0,0.0,,,13519569.0,7.0,1.0,0.0,0.0,1.0,1.0,1.0,1.0,1.0,0.0,,,,0.0,0.0,0.0,0.0,0.0,1.0,0.0,0.0,1.0,1.0,1.0,0.0,0.0,0.0,0.0,,5.0,,0.0,,,,,,,,0.0,1.0,
10-46-57-02,1b598cb6ed4f4e55ac01a7e37a412911,336.0,NAIROBI CITY,2,,1.0,0.0,1.0,1.0,0.0,1.0,1.0,0.0,1.0,0.0,0.0,0.0,,,3791903082.73,6.0,3.0,0.0,0.0,0.0,0.0,1.0,1.0,0.0,1.0,Loan application fee at 3% of principal amount.,17.0,,1.0,1.0,0.0,0.0,0.0,1.0,1.0,1.0,1.0,1.0,1.0,1.0,0.0,0.0,1.0,Guarantor,6.0,,1.0,1.0,2.0,3.0,0.0,0.0,0.0,,0.0,1.0,
52-25-74-92,1c17eaa241cd4e7d959f63d953b912e4,67.0,MURANG'A,2,,1.0,1.0,0.0,1.0,1.0,1.0,1.0,1.0,0.0,0.0,1.0,0.0,0.0,,,,,0.0,0.0,,,,,,,,,,,,,,,1.0,0.0,0.0,1.0,1.0,0.0,0.0,0.0,0.0,0.0,,5.0,,1.0,0.0,1.0,2.0,0.0,0.0,0.0,,0.0,1.0,
33-71-75-91,9fb488c31dda498293084ad472ee5b19,75.0,Kiambu,5,,0.0,0.0,0.0,1.0,0.0,1.0,1.0,0.0,0.0,0.0,0.0,0.0,0.0,,116008030.0,7.0,3.0,0.0,0.0,,,,,,,,,,0.0,0.0,0.0,0.0,0.0,1.0,0.0,0.0,1.0,0.0,0.0,0.0,0.0,0.0,0.0,,6.0,,1.0,1.0,2.0,3.0,0.0,0.0,0.0,,0.0,1.0,
23-74-32-22,d8c82403598a4ef5a1174c1fe1c2fc7d,216.0,Nairobi City,5,,1.0,1.0,0.0,0.0,0.0,0.0,0.0,0.0,0.0,0.0,0.0,1.0,0.0,construction and land purchase loans,395000000.0,1.4,1.0,0.0,0.0,,,,,,,,,1.0,0.0,0.0,0.0,0.0,0.0,,,,1.0,0.0,0.0,0.0,0.0,0.0,1.0,guarantor,1.0,,0.0,,,,,,,,0.0,96.0,disappearing
94-53-90-38,5aadcc1c692141f99af23962540e870e,169.0,Nairobi City,5,,0.0,0.0,0.0,0.0,0.0,0.0,0.0,0.0,0.0,0.0,0.0,0.0,0.0,,939786497.0,,1.0,0.0,0.0,,,,,,,,,,0.0,0.0,0.0,0.0,0.0,1.0,0.0,0.0,0.0,0.0,0.0,0.0,0.0,0.0,1.0,Recovery from shares /guarantors,96.0,N/A,0.0,,,,,,,,0.0,6.0,
63-65-53-58,1f518bfbee8c4a49b8ea38b0f6f23630,240.0,Nairobi City,5,,0.0,0.0,0.0,0.0,0.0,0.0,0.0,0.0,0.0,0.0,0.0,1.0,0.0,Development Loans,87237806.0,1.07,3.0,0.0,0.0,,,,,,,,,,0.0,0.0,0.0,0.0,0.0,,,,1.0,0.0,0.0,1.0,0.0,0.0,1.0,shares and guarantors deposit,96.0,Remitance from the University,1.0,0.0,0.0,0.0,1.0,0.0,2.0,The value of security the borrower has,0.0,96.0,"defaulting, exiting or transfer of members"
64-68-39-55,45de566a048b42a282639384a1330983,261.0,Nairobi City,5,,0.0,0.0,0.0,1.0,1.0,1.0,1.0,0.0,0.0,0.0,0.0,0.0,,,394367140.0,,5.0,0.0,0.0,,,,,,,,,,0.0,0.0,0.0,0.0,0.0,0.0,0.0,1.0,0.0,0.0,0.0,0.0,0.0,0.0,0.0,,3.0,,1.0,1.0,0.0,0.0,0.0,0.0,0.0,,0.0,4.0,
13-03-13-15,4b58cf086e744810a2d284ac0705c301,64.0,Murang�a,5,,1.0,1.0,0.0,1.0,0.0,1.0,1.0,1.0,0.0,0.0,0.0,0.0,0.0,,6500496987.0,6.0,1.0,0.0,0.0,,,,,,,,,,0.0,0.0,0.0,0.0,0.0,1.0,0.0,0.0,1.0,1.0,1.0,1.0,0.0,0.0,0.0,,2.0,,1.0,0.0,1.0,2.0,3.0,0.0,0.0,,0.0,1.0,
30-79-59-07,dfc17e0c1a164fea80cf83826d32eec0,142.0,Kisumu,5,,0.0,0.0,0.0,0.0,0.0,0.0,0.0,0.0,0.0,0.0,0.0,0.0,0.0,,42981812.0,,1.0,0.0,0.0,,,,,,,,,,0.0,0.0,0.0,0.0,0.0,0.0,1.0,0.0,1.0,0.0,0.0,0.0,0.0,0.0,0.0,,2.0,,0.0,,,,,,,,0.0,5.0,
81-18-97-35,94e51e898c104588b36ede084827fdd7,248.0,Nairobi City,5,,0.0,0.0,0.0,0.0,0.0,0.0,0.0,0.0,0.0,0.0,0.0,0.0,,,,,3.0,0.0,0.0,,,,,,,,,,0.0,0.0,0.0,0.0,0.0,,,,0.0,0.0,0.0,0.0,0.0,0.0,0.0,,96.0,currently we don't offer mortgages,0.0,,,,,,,,0.0,96.0,we have not had such cases
08-60-06-66,d57757beef4245c19dafba011943aa13,56.0,Mombasa,5,,1.0,0.0,0.0,1.0,1.0,0.0,0.0,0.0,0.0,0.0,0.0,0.0,0.0,,34576082.0,0.38,1.0,0.0,0.0,,,,,,,,,2.0,1.0,0.0,0.0,0.0,0.0,1.0,0.0,0.0,1.0,0.0,0.0,1.0,0.0,0.0,0.0,,2.0,,1.0,0.0,1.0,0.0,0.0,0.0,0.0,,0.0,3.0,
50-83-12-05,0dee4f804bbf403aa9a8604b815a6aa4,287.0,Nairobi City,5,,0.0,0.0,0.0,1.0,0.0,0.0,0.0,0.0,0.0,0.0,0.0,0.0,,,794288557.0,6.0,1.0,0.0,0.0,,,,,,,,,,0.0,0.0,0.0,0.0,0.0,1.0,0.0,0.0,1.0,0.0,0.0,1.0,0.0,0.0,0.0,,3.0,,0.0,,,,,,,,0.0,5.0,
35-51-54-84,c8af5335ab384624a85c88cda4de12d4,267.0,Nairobi City,5,,0.0,0.0,0.0,1.0,1.0,1.0,1.0,1.0,0.0,0.0,1.0,0.0,,,677895955.0,5.0,3.0,0.0,0.0,,,,,,,,,,0.0,0.0,0.0,0.0,0.0,1.0,0.0,0.0,1.0,0.0,0.0,0.0,0.0,0.0,1.0,attaching guarantor's deposit/salaries,96.0,NA,0.0,,,,,,,,0.0,96.0,loss of employment for salaried members
61-47-79-10,e39a107e780346388e9854ca000f7418,65.0,Murang'a,5,,0.0,0.0,0.0,1.0,1.0,1.0,1.0,0.0,0.0,0.0,0.0,0.0,0.0,,75690512.0,,1.0,0.0,0.0,,,,,,,,,,0.0,0.0,0.0,0.0,0.0,1.0,1.0,1.0,0.0,0.0,0.0,0.0,0.0,0.0,0.0,,6.0,,0.0,,,,,,,,0.0,1.0,
90-51-65-90,83de9551f1494be28d98231a0742b3b1,325.0,Nairobi City,5,,0.0,0.0,0.0,1.0,0.0,0.0,0.0,0.0,0.0,0.0,0.0,1.0,,construction of general buildings,639000000.0,,4.0,0.0,0.0,,,,,,,,,1.0,0.0,0.0,0.0,0.0,0.0,0.0,1.0,0.0,1.0,0.0,0.0,0.0,0.0,0.0,0.0,,6.0,,1.0,1.0,0.0,0.0,0.0,0.0,0.0,,0.0,4.0,
54-18-85-18,b85ace2899904e40a956eb3be9f7a3be,304.0,Nairobi City,5,,0.0,0.0,0.0,1.0,0.0,0.0,0.0,0.0,0.0,0.0,0.0,0.0,,,541243518.0,9.9,1.0,0.0,0.0,,,,,,,,,,0.0,0.0,0.0,0.0,0.0,1.0,0.0,0.0,1.0,0.0,0.0,1.0,0.0,0.0,0.0,,1.0,,1.0,0.0,0.0,1.0,2.0,0.0,0.0,,0.0,4.0,
11-26-61-87,c0d74995da6c458fac8b5b5696f41ff6,244.0,Nairobi City,5,,0.0,0.0,0.0,0.0,0.0,0.0,0.0,0.0,0.0,0.0,0.0,0.0,0.0,,236023283.0,,3.0,0.0,0.0,,,,,,,,,,0.0,0.0,0.0,0.0,0.0,0.0,0.0,1.0,1.0,0.0,0.0,0.0,0.0,0.0,0.0,,3.0,,0.0,,,,,,,,0.0,5.0,
49-26-28-59,881a405595174c0aba3177efb5dee162,14.0,Tharaka-Nithi,5,,1.0,1.0,0.0,1.0,0.0,1.0,1.0,1.0,0.0,0.0,0.0,1.0,,"Agriculture. education, manufacturing and trade loans",478334626.0,7.0,3.0,0.0,0.0,,,,,,,,,,0.0,0.0,0.0,0.0,0.0,1.0,0.0,0.0,1.0,1.0,1.0,1.0,0.0,0.0,0.0,,5.0,,0.0,,,,,,,,0.0,4.0,
24-55-43-57,2d5aef98ceef47cf9375e942b4c48c9c,232.0,Nairobi City,5,,0.0,0.0,0.0,0.0,0.0,0.0,0.0,0.0,0.0,0.0,0.0,0.0,,,,,2.0,0.0,0.0,,,,,,,,,,0.0,0.0,0.0,0.0,0.0,1.0,0.0,0.0,0.0,0.0,0.0,0.0,0.0,0.0,0.0,,96.0,we don't offer mortgages,0.0,,,,,,,,0.0,96.0,we have never had such cases
98-11-03-34,2bfd4eb55fd349d3a33ca1ac187325d1,297.0,Nairobi City,5,,0.0,0.0,0.0,0.0,0.0,0.0,0.0,0.0,0.0,0.0,0.0,0.0,,,,,3.0,0.0,0.0,,,,,,,,,,0.0,0.0,0.0,0.0,0.0,1.0,0.0,0.0,0.0,0.0,0.0,0.0,0.0,0.0,0.0,,96.0,they do not provide loans for mortgage,0.0,,,,,,,,0.0,96.0,they do not offer mortgage loans
63-52-68-11,7727b1845f1c4fc69012723b5ece43e6,137.0,Kilifi,5,,0.0,0.0,0.0,1.0,0.0,1.0,1.0,0.0,0.0,0.0,0.0,1.0,,renovation,158438622.0,1.2,3.0,0.0,0.0,,,,,,,,,,0.0,0.0,0.0,0.0,0.0,1.0,1.0,1.0,1.0,0.0,0.0,0.0,0.0,0.0,0.0,,3.0,,1.0,0.0,0.0,1.0,2.0,3.0,0.0,,1.0,5.0,
62-77-72-15,808d422912be4d599fbb0f326e699147,314.0,Nairobi City,5,,0.0,0.0,0.0,0.0,0.0,0.0,0.0,0.0,0.0,0.0,0.0,0.0,0.0,,44825505.43,,2.0,0.0,0.0,,,,,,,,,,0.0,0.0,0.0,0.0,0.0,1.0,0.0,0.0,1.0,0.0,0.0,1.0,0.0,0.0,0.0,,96.0,no house loans,0.0,,,,,,,,0.0,96.0,no mortgage or housing loan inplace
91-38-08-58,fa9b1deaea7e445591d4221661f84a05,116.0,Nakuru,5,,0.0,0.0,0.0,0.0,0.0,0.0,0.0,0.0,0.0,0.0,0.0,0.0,0.0,,,,3.0,0.0,0.0,,,,,,,,,,0.0,0.0,0.0,0.0,0.0,,,,0.0,0.0,0.0,0.0,0.0,0.0,0.0,,,,0.0,,,,,,,,0.0,,
07-12-26-35,10e44769e0314679981dd79ce38e23c5,249.0,Nairobi City,5,,0.0,0.0,0.0,0.0,0.0,0.0,0.0,0.0,0.0,0.0,0.0,0.0,0.0,,122568858.0,,4.0,0.0,0.0,,,,,,,,,,0.0,0.0,0.0,0.0,0.0,1.0,0.0,0.0,1.0,0.0,0.0,0.0,0.0,0.0,0.0,,6.0,,0.0,,,,,,,,0.0,96.0,Our Sacco Don't provide loans for housing and mortgage
19-75-80-96,5d949903798f4c41b4223c5efa22529d,25.0,Machakos,5,,1.0,0.0,0.0,1.0,0.0,0.0,0.0,0.0,0.0,0.0,0.0,0.0,,,1325176808.0,,5.0,0.0,0.0,,,,,,,,,1.0,0.0,0.0,0.0,0.0,1.0,1.0,1.0,0.0,1.0,0.0,1.0,1.0,0.0,0.0,0.0,,6.0,,0.0,,,,,,,,0.0,5.0,
44-39-66-60,086e8aa396e14fec8b1ae1ca6c20974b,213.0,Nairobi City,5,,0.0,0.0,0.0,0.0,0.0,0.0,0.0,0.0,0.0,0.0,0.0,0.0,1.0,,1595928941.0,0.29,3.0,0.0,0.0,,,,,,,,,,0.0,0.0,0.0,0.0,0.0,,,,1.0,1.0,0.0,0.0,0.0,0.0,0.0,,96.0,the terms and conditions of the Sacco,1.0,1.0,0.0,2.0,0.0,0.0,0.0,,0.0,96.0,the employee is terminated since it is cheque off
71-63-90-64,544fa15b27cb466cb195eb258f7f53a5,113.0,Nakuru,5,,1.0,1.0,1.0,1.0,0.0,1.0,1.0,0.0,0.0,0.0,0.0,0.0,0.0,,266860505.77,19.92,2.0,0.0,0.0,,,,,,,,,,0.0,0.0,0.0,0.0,1.0,1.0,1.0,0.0,1.0,1.0,0.0,0.0,0.0,0.0,0.0,,4.0,,0.0,,,,,,,,1.0,96.0,Banking Act (Guidelines)
36-54-30-63,a38d3fd1ed67423ba89992fc9432bb95,195.0,Nairobi City,5,,0.0,0.0,0.0,1.0,0.0,0.0,0.0,0.0,0.0,0.0,0.0,0.0,,,935716308.0,,1.0,0.0,0.0,,,,,,,,,,0.0,0.0,0.0,0.0,0.0,1.0,0.0,0.0,0.0,0.0,0.0,0.0,0.0,0.0,0.0,,96.0,Not Applicable,0.0,,,,,,,,0.0,96.0,Not Applicable
50-84-92-02,edd44fe4f95142dc94c259fe5590170e,106.0,Baringo,5,,0.0,0.0,0.0,1.0,0.0,1.0,1.0,0.0,0.0,0.0,1.0,0.0,0.0,,9940000000.0,12.0,1.0,0.0,0.0,,,,,,,,,,0.0,0.0,0.0,0.0,1.0,1.0,0.0,0.0,1.0,1.0,0.0,0.0,0.0,0.0,0.0,,3.0,,1.0,1.0,2.0,3.0,0.0,0.0,0.0,,0.0,4.0,
94-13-38-16,02aca070b60348d39ca42885372ff070,209.0,Nairobi City,5,,1.0,1.0,0.0,1.0,0.0,0.0,0.0,0.0,0.0,0.0,0.0,0.0,,,1286491570.0,2.8,1.0,0.0,0.0,,,,,,,,,,0.0,0.0,0.0,0.0,0.0,1.0,0.0,1.0,1.0,1.0,1.0,0.0,0.0,0.0,0.0,,5.0,,1.0,0.0,0.0,1.0,0.0,0.0,0.0,,0.0,1.0,
09-56-13-40,52b01cdc9ba944b48743d57190221503,305.0,Nairobi City,5,,0.0,0.0,0.0,0.0,0.0,0.0,0.0,0.0,0.0,0.0,0.0,0.0,0.0,,,,3.0,0.0,0.0,,,,,,,,,,0.0,0.0,0.0,0.0,0.0,1.0,0.0,0.0,1.0,0.0,0.0,0.0,0.0,0.0,0.0,,2.0,,0.0,,,,,,,,0.0,5.0,
01-67-89-83,dedd34f2eab447f3afa7a088b4b48363,43.0,Mombasa,5,,0.0,0.0,0.0,0.0,0.0,0.0,0.0,0.0,0.0,0.0,0.0,0.0,,,,,1.0,0.0,0.0,,,,,,,,,,0.0,0.0,0.0,0.0,0.0,1.0,0.0,0.0,1.0,0.0,0.0,1.0,0.0,0.0,0.0,,5.0,,0.0,,,,,,,,0.0,1.0,
47-49-62-16,6ba486be1f374cf987868c442f935db2,7.0,Meru,5,,1.0,0.0,0.0,0.0,0.0,0.0,0.0,0.0,0.0,0.0,0.0,0.0,0.0,,,,3.0,0.0,0.0,,,,,,,,,,0.0,0.0,0.0,0.0,0.0,0.0,0.0,1.0,0.0,0.0,0.0,0.0,0.0,0.0,0.0,,96.0,Sacco does not offer mortgages,0.0,,,,,,,,0.0,96.0,sacco does not offer morgage services
33-38-20-26,5e229751717042e6936ec21eac37726a,291.0,Nairobi City,5,,0.0,0.0,0.0,1.0,1.0,0.0,0.0,0.0,0.0,0.0,0.0,1.0,,most of the members indicate personal development,149928968.0,,3.0,0.0,0.0,,,,,,,,,,0.0,0.0,0.0,0.0,0.0,1.0,0.0,0.0,0.0,1.0,0.0,0.0,0.0,0.0,0.0,,1.0,,0.0,,,,,,,,0.0,1.0,
19-41-00-87,a6fc987409c04a2babd5e0f85e5a0bed,288.0,Nairobi City,5,,0.0,0.0,0.0,0.0,0.0,0.0,0.0,0.0,0.0,0.0,0.0,1.0,0.0,Development Loans,71000000.0,,5.0,0.0,0.0,,,,,,,,,,0.0,0.0,0.0,0.0,0.0,0.0,0.0,1.0,1.0,0.0,0.0,0.0,0.0,0.0,1.0,"guarantors, crb listing",96.0,Low savings for employees taking the loans,1.0,2.0,1.0,0.0,0.0,0.0,0.0,,0.0,96.0,loans are not guaranteed by collateral
87-59-59-21,61ced7805e534ae0aa1e86a6039c2748,294.0,Nairobi City,5,,0.0,0.0,0.0,0.0,0.0,0.0,0.0,0.0,0.0,0.0,0.0,0.0,1.0,,781800000.0,,3.0,0.0,0.0,,,,,,,,,,0.0,0.0,0.0,0.0,0.0,1.0,0.0,0.0,1.0,0.0,0.0,1.0,0.0,0.0,1.0,recovery from guarantors,96.0,They do not offer mortgage products,0.0,,,,,,,,0.0,96.0,They do not offer mortgage products
52-65-23-71,807b027e67d04e51bf59a20b21be38ff,54.0,Mombasa,5,,1.0,0.0,0.0,1.0,0.0,0.0,0.0,0.0,0.0,0.0,0.0,0.0,0.0,,94154151.0,,2.0,0.0,0.0,,,,,,,,,,0.0,0.0,0.0,0.0,0.0,1.0,0.0,0.0,1.0,0.0,0.0,0.0,0.0,0.0,0.0,,1.0,,1.0,0.0,0.0,1.0,0.0,0.0,0.0,,0.0,1.0,
93-34-14-19,c3cb338c66e642b1a49b52ca7996d320,36.0,Nyeri,5,,0.0,0.0,0.0,0.0,0.0,0.0,0.0,0.0,0.0,0.0,0.0,0.0,0.0,,193612886.0,,3.0,0.0,0.0,,,,,,,,,,0.0,0.0,0.0,0.0,0.0,1.0,0.0,0.0,1.0,0.0,0.0,0.0,0.0,0.0,0.0,,96.0,They do not offer mortgage and housing financing,0.0,,,,,,,,0.0,96.0,Do not offer housing loans
06-44-99-77,6b3952a286d34bd9bfc7bede27ba0572,178.0,Nairobi City,5,,1.0,1.0,0.0,1.0,1.0,1.0,1.0,1.0,0.0,0.0,1.0,0.0,0.0,,2170408244.0,,2.0,0.0,0.0,,,,,,,,,2.0,1.0,1.0,1.0,0.0,0.0,0.0,0.0,1.0,1.0,1.0,0.0,1.0,1.0,0.0,0.0,,2.0,,1.0,0.0,3.0,2.0,1.0,0.0,0.0,,1.0,1.0,
41-11-31-25,3a973b6f547d48fe9d8e853c555aa68f,298.0,Nairobi City,5,,1.0,0.0,0.0,1.0,0.0,1.0,1.0,0.0,0.0,0.0,0.0,0.0,0.0,,89690000.0,,5.0,0.0,0.0,,,,,,,,,1.0,0.0,0.0,0.0,0.0,0.0,1.0,0.0,0.0,1.0,0.0,0.0,1.0,0.0,0.0,0.0,,3.0,,0.0,,,,,,,,0.0,6.0,
56-96-13-23,1e6cc8f473e1477c84688db8df0a0f90,15.0,Tharaka-Nithi,5,,0.0,0.0,0.0,1.0,0.0,1.0,1.0,0.0,0.0,0.0,0.0,0.0,,,11357930735.0,7.4,1.0,0.0,0.0,,,,,,,,,,0.0,0.0,0.0,0.0,0.0,1.0,0.0,0.0,1.0,0.0,0.0,1.0,0.0,0.0,0.0,,96.0,LEGALLY NOT ALLOWED TO OFFER MORTGAGES,0.0,,,,,,,,0.0,96.0,LEGALLY NOT ALLOWED TO OFFER MORTGAGES
23-36-98-16,c82dd46a56b849039b79fb2e3120265b,278.0,Nairobi City,5,,0.0,0.0,0.0,0.0,0.0,0.0,0.0,0.0,0.0,0.0,0.0,1.0,,development loan,113231000.0,7.95,3.0,0.0,0.0,,,,,,,,,,0.0,0.0,0.0,0.0,0.0,0.0,1.0,0.0,1.0,0.0,1.0,0.0,0.0,0.0,1.0,debt collectors for negotiations,5.0,,1.0,0.0,0.0,1.0,0.0,0.0,0.0,,0.0,1.0,
32-58-14-34,20d2ad75d4864b698c4c37704e0c7ca1,73.0,Kiambu,5,,0.0,0.0,0.0,0.0,0.0,0.0,0.0,0.0,0.0,0.0,0.0,0.0,0.0,,196163436.0,,1.0,0.0,0.0,,,,,,,,,,0.0,0.0,0.0,0.0,0.0,1.0,0.0,0.0,1.0,0.0,0.0,0.0,0.0,0.0,0.0,,3.0,,0.0,,,,,,,,0.0,1.0,
74-75-61-33,30844deb7cb84a6aa869520b88d7ff2f,285.0,Nairobi City,5,,0.0,0.0,0.0,1.0,1.0,1.0,1.0,1.0,0.0,0.0,0.0,0.0,0.0,,300000000.0,3.67,3.0,0.0,0.0,,,,,,,,,,0.0,0.0,0.0,0.0,0.0,0.0,1.0,1.0,1.0,0.0,0.0,0.0,0.0,0.0,0.0,,4.0,,1.0,1.0,2.0,3.0,0.0,0.0,0.0,,0.0,5.0,
12-79-51-96,93a7641d66924e1ab2f12a47e99051cb,238.0,Nairobi City,5,,1.0,0.0,0.0,1.0,0.0,0.0,0.0,0.0,0.0,0.0,0.0,0.0,,,2500000.0,,5.0,0.0,0.0,,,,,,,,,,0.0,0.0,0.0,0.0,0.0,,,,0.0,0.0,0.0,0.0,0.0,0.0,0.0,,3.0,,0.0,,,,,,,,0.0,,
46-50-50-16,4b13c631a1974d889a78b864e6c88c8e,317.0,Nairobi City,5,,0.0,0.0,0.0,1.0,0.0,0.0,0.0,0.0,0.0,0.0,0.0,0.0,,,710410605.0,,1.0,0.0,0.0,,,,,,,,,,0.0,0.0,0.0,1.0,0.0,0.0,0.0,1.0,1.0,0.0,0.0,1.0,0.0,0.0,1.0,Recover from guarantors.,1.0,,1.0,0.0,0.0,1.0,0.0,0.0,0.0,,0.0,5.0,
46-17-33-82,9adafc3f862240358042297b08939a05,284.0,Nairobi City,5,,0.0,0.0,0.0,1.0,0.0,1.0,1.0,1.0,0.0,0.0,0.0,0.0,0.0,,22000000.0,,3.0,0.0,0.0,,,,,,,,,,0.0,0.0,0.0,0.0,0.0,1.0,0.0,0.0,1.0,0.0,0.0,1.0,0.0,0.0,0.0,,3.0,,1.0,0.0,0.0,1.0,0.0,0.0,0.0,,0.0,5.0,
38-80-92-44,60fb79112f29407cabc7fd1fe377ed1b,266.0,Nairobi City,5,,0.0,0.0,0.0,0.0,0.0,0.0,0.0,0.0,0.0,0.0,0.0,0.0,0.0,,183000000.0,,5.0,0.0,0.0,,,,,,,,,,0.0,0.0,0.0,0.0,0.0,1.0,0.0,0.0,0.0,0.0,0.0,0.0,0.0,0.0,0.0,,96.0,NA,0.0,,,,,,,,0.0,1.0,
48-87-27-84,c4787d3c9cde4833a7670410bef3a489,120.0,Kajiado,5,,1.0,1.0,0.0,1.0,1.0,1.0,1.0,1.0,0.0,0.0,0.0,0.0,0.0,,333000000.0,,1.0,0.0,0.0,,,,,,,,,3.0,0.0,0.0,0.0,0.0,0.0,0.0,0.0,1.0,1.0,0.0,0.0,1.0,0.0,0.0,0.0,,5.0,,0.0,,,,,,,,0.0,1.0,
85-33-40-48,6493af6a1aee41b2a6672cf680632244,101.0,Nandi,5,,1.0,1.0,0.0,1.0,0.0,1.0,1.0,0.0,0.0,0.0,0.0,0.0,0.0,,105448662.0,,1.0,0.0,0.0,,,,,,,,,,0.0,0.0,0.0,0.0,0.0,1.0,0.0,0.0,1.0,0.0,0.0,1.0,0.0,0.0,0.0,,96.0,N/A,1.0,1.0,0.0,2.0,3.0,0.0,0.0,,1.0,4.0,
37-66-59-89,5a8960d4edbf4d6da3b7c21b17d18023,171.0,Nairobi City,5,,0.0,0.0,0.0,1.0,1.0,1.0,1.0,0.0,0.0,0.0,0.0,0.0,0.0,,846009000.0,,3.0,0.0,0.0,,,,,,,,,,0.0,0.0,0.0,0.0,0.0,1.0,0.0,0.0,1.0,0.0,0.0,0.0,0.0,0.0,0.0,,6.0,,1.0,1.0,0.0,0.0,0.0,0.0,0.0,,0.0,1.0,
98-47-16-06,29f27f5db6f248d59c7a69ac1cb21400,3.0,Meru,5,,0.0,0.0,0.0,1.0,0.0,0.0,1.0,0.0,0.0,0.0,0.0,0.0,0.0,,997254508.94,5.4,1.0,0.0,0.0,,,,,,,,,,0.0,0.0,0.0,0.0,0.0,1.0,0.0,0.0,1.0,1.0,1.0,1.0,0.0,0.0,0.0,,3.0,,1.0,1.0,0.0,0.0,2.0,0.0,0.0,,0.0,4.0,
39-33-53-57,810a2d949f9a45e2b08bba78092be0bd,233.0,Nairobi City,5,,0.0,0.0,0.0,0.0,0.0,0.0,0.0,0.0,0.0,0.0,0.0,0.0,0.0,,1000283417.0,3.0,1.0,0.0,0.0,,,,,,,,,,0.0,0.0,0.0,0.0,0.0,1.0,0.0,0.0,1.0,0.0,0.0,0.0,0.0,0.0,0.0,,3.0,,0.0,,,,,,,,0.0,4.0,
06-31-44-19,6f69731ce25249e29d1a75e8e5e88fc5,215.0,Nairobi City,5,,0.0,0.0,0.0,0.0,0.0,0.0,0.0,0.0,0.0,0.0,0.0,0.0,0.0,,,,1.0,0.0,0.0,,,,,,,,,,0.0,0.0,0.0,0.0,0.0,1.0,0.0,0.0,0.0,0.0,0.0,0.0,0.0,0.0,1.0,Guarantor,96.0,Not Applicable,0.0,,,,,,,,0.0,1.0,
48-09-07-04,645cef8540b34bf1936f1f65ea5579f8,256.0,Nairobi City,5,,0.0,0.0,0.0,0.0,0.0,0.0,0.0,0.0,0.0,0.0,0.0,0.0,1.0,,132149324.0,7.2,5.0,0.0,0.0,,,,,,,,,,0.0,0.0,0.0,0.0,0.0,1.0,0.0,0.0,0.0,0.0,0.0,0.0,0.0,0.0,1.0,debt collector,5.0,,,,,,,,,,0.0,,
11-21-47-93,d632d6cb5f2a46b4b4c3bdaf17064e76,330.0,Nairobi City,5,,0.0,0.0,0.0,0.0,0.0,0.0,0.0,0.0,0.0,0.0,0.0,0.0,1.0,,13680073.0,,5.0,0.0,0.0,,,,,,,,,,0.0,0.0,0.0,0.0,0.0,1.0,0.0,0.0,1.0,0.0,0.0,0.0,0.0,0.0,0.0,,96.0,NA,0.0,,,,,,,,0.0,1.0,
57-32-11-33,46d79e3cd4e4471691b68557fdbc1a5a,227.0,Nairobi City,5,,0.0,0.0,0.0,1.0,1.0,1.0,1.0,1.0,0.0,0.0,1.0,0.0,1.0,,932791253.0,,3.0,0.0,0.0,,,,,,,,,,0.0,0.0,0.0,0.0,0.0,,,,1.0,1.0,1.0,1.0,0.0,0.0,0.0,,5.0,,1.0,1.0,3.0,2.0,0.0,0.0,0.0,,0.0,1.0,
88-70-16-84,308f500b2d854600ae64ae2256bfef9b,263.0,Nairobi City,5,,1.0,0.0,0.0,1.0,0.0,1.0,1.0,0.0,0.0,0.0,0.0,0.0,0.0,,710861179.0,5.0,3.0,0.0,0.0,,,,,,,,,,0.0,0.0,0.0,0.0,0.0,1.0,0.0,0.0,1.0,0.0,1.0,0.0,0.0,0.0,0.0,,3.0,,1.0,1.0,0.0,0.0,0.0,0.0,0.0,,0.0,1.0,
82-28-78-59,dee77421bfeb4bb6bc293ba8ba2130c6,140.0,Siaya,5,,1.0,0.0,0.0,0.0,0.0,0.0,0.0,0.0,0.0,0.0,0.0,0.0,0.0,,154700744.0,,,0.0,0.0,,,,,,,,,,0.0,0.0,0.0,0.0,0.0,,,,1.0,0.0,0.0,1.0,0.0,0.0,1.0,Recovery from guarantors,,,1.0,0.0,1.0,0.0,0.0,0.0,0.0,,0.0,5.0,
38-98-57-44,01d6366b7cef4297a3ce82d7b5eea7c5,85.0,Kiambu,5,,1.0,0.0,0.0,1.0,0.0,0.0,0.0,0.0,0.0,0.0,0.0,0.0,0.0,,,,5.0,0.0,0.0,,,,,,,,,,0.0,0.0,0.0,0.0,1.0,1.0,0.0,0.0,1.0,0.0,0.0,1.0,0.0,0.0,1.0,transfer to guarantors,96.0,not applicable,0.0,,,,,,,,0.0,4.0,
37-60-35-80,c1bfab3c7b774cd892b61dd81f29a50d,127.0,Bomet,5,,0.0,0.0,0.0,0.0,0.0,0.0,0.0,0.0,0.0,0.0,0.0,1.0,,"Development loans,School Fees, Emergencies",198259435.0,,4.0,0.0,0.0,,,,,,,,,,0.0,0.0,0.0,0.0,0.0,0.0,0.0,1.0,1.0,0.0,0.0,0.0,0.0,0.0,1.0,Go to guarantors,96.0,They dont have the mortgage plan,1.0,1.0,0.0,2.0,3.0,0.0,0.0,,0.0,96.0,They don't have specified housing finance loans
52-10-05-47,afb7f20c346e4252837257d66fddc4f0,66.0,Murang'a,5,,0.0,0.0,0.0,0.0,0.0,0.0,0.0,0.0,0.0,0.0,0.0,0.0,0.0,,76286329.67,,1.0,0.0,0.0,,,,,,,,,,0.0,0.0,0.0,0.0,0.0,1.0,0.0,0.0,1.0,0.0,0.0,0.0,0.0,0.0,1.0,surcharge on guarantors,96.0,don't offer mortgages..they offer loans for education and business only,0.0,,,,,,,,0.0,96.0,don't offer mortgages..they offer loans for education and business only
31-17-48-14,e0edf97c9af54ec6ad9faf0ee413a823,91.0,Trans Nzoia,5,,0.0,1.0,0.0,1.0,0.0,1.0,1.0,0.0,0.0,0.0,0.0,1.0,,Renovation Of Buildings,1086547279.0,1.31,1.0,0.0,0.0,,,,,,,,,,0.0,0.0,0.0,0.0,1.0,1.0,0.0,1.0,1.0,0.0,0.0,1.0,0.0,0.0,0.0,,3.0,,0.0,,,,,,,,0.0,4.0,
07-17-38-46,5d950ffa6c144ea0b8a0fd6e9a77daee,78.0,Kiambu,5,,1.0,0.0,0.0,1.0,0.0,1.0,1.0,0.0,0.0,0.0,0.0,0.0,0.0,,510981313.0,7.1,3.0,0.0,0.0,,,,,,,,,,0.0,0.0,0.0,0.0,0.0,0.0,1.0,1.0,0.0,0.0,0.0,0.0,0.0,0.0,0.0,,96.0,Don't offer mortgage loans,0.0,,,,,,,,0.0,96.0,Don't offer mortgage loans
04-94-72-65,2bc18e71889146d888c83f92f2490844,235.0,Nairobi City,5,,1.0,0.0,0.0,0.0,0.0,0.0,0.0,0.0,0.0,0.0,0.0,0.0,1.0,,500000000.0,,3.0,0.0,0.0,,,,,,,,,,0.0,0.0,0.0,0.0,0.0,0.0,1.0,0.0,1.0,0.0,0.0,0.0,0.0,0.0,0.0,,96.0,They don't offer mortgage products,0.0,,,,,,,,0.0,96.0,They do not offer mortgage products
15-21-52-67,6c389bc04be64a9880af29ed4a2f1f50,286.0,Nairobi City,5,,0.0,0.0,0.0,0.0,0.0,0.0,0.0,0.0,0.0,0.0,0.0,0.0,1.0,,388660365.0,5.0,5.0,0.0,0.0,,,,,,,,,,0.0,0.0,0.0,0.0,0.0,1.0,0.0,0.0,1.0,0.0,0.0,0.0,0.0,0.0,0.0,,2.0,,0.0,,,,,,,,0.0,6.0,
79-69-31-04,f796d72d283f4fbcbfe50aeb14ba7284,301.0,Nairobi City,5,,0.0,0.0,0.0,0.0,0.0,0.0,0.0,0.0,0.0,0.0,0.0,0.0,0.0,,244251281.0,,3.0,0.0,0.0,,,,,,,,,,0.0,0.0,0.0,0.0,0.0,0.0,1.0,0.0,0.0,0.0,0.0,0.0,0.0,0.0,0.0,,3.0,,0.0,,,,,,,,0.0,5.0,
87-23-64-07,089ccb7d1a5a490abcb6492fed8b6cbb,253.0,Nairobi City,5,,0.0,0.0,0.0,1.0,0.0,1.0,1.0,0.0,0.0,0.0,0.0,0.0,,,379264186.0,,1.0,0.0,0.0,,,,,,,,,,0.0,0.0,0.0,0.0,0.0,1.0,0.0,0.0,1.0,1.0,1.0,1.0,0.0,0.0,0.0,,96.0,we are currently not offering mortgages,1.0,1.0,0.0,2.0,3.0,0.0,0.0,,0.0,1.0,
92-22-47-96,7ccca9f8e4fa47bc913398d1cab8bb11,217.0,Nairobi City,5,,0.0,0.0,0.0,0.0,0.0,0.0,0.0,0.0,0.0,0.0,0.0,0.0,1.0,,154474802.0,,3.0,0.0,0.0,,,,,,,,,,0.0,0.0,0.0,0.0,0.0,1.0,0.0,0.0,1.0,0.0,0.0,0.0,0.0,0.0,0.0,,96.0,They don't offer mortgage,0.0,,,,,,,,0.0,96.0,They don't offer mortgage
96-15-98-65,c690f84e77074fd189ada15128ac2206,80.0,Kiambu,5,,1.0,0.0,0.0,1.0,0.0,1.0,1.0,0.0,0.0,0.0,0.0,0.0,0.0,,144424490.0,,1.0,0.0,0.0,,,,,,,,,,0.0,0.0,0.0,0.0,0.0,1.0,0.0,0.0,1.0,0.0,0.0,0.0,0.0,0.0,0.0,,96.0,Don't offer mortgage loans,0.0,,,,,,,,0.0,96.0,Don't offer mortgage loans
35-22-97-77,e169b34d64cc4d24ae7f23ab57978c0f,57.0,Kirinyaga,5,,1.0,1.0,0.0,1.0,1.0,1.0,1.0,1.0,0.0,0.0,0.0,0.0,0.0,,,,2.0,0.0,0.0,,,,,,,,,,0.0,0.0,0.0,0.0,0.0,0.0,0.0,1.0,1.0,1.0,1.0,1.0,0.0,0.0,0.0,,96.0,Not applicable,1.0,1.0,2.0,3.0,0.0,0.0,0.0,,0.0,6.0,
44-34-18-91,313948a979414d22a65e2d0514a1d23a,289.0,Nairobi City,5,,0.0,0.0,0.0,0.0,0.0,0.0,0.0,0.0,0.0,0.0,0.0,0.0,0.0,,5000000000.0,,3.0,0.0,0.0,,,,,,,,,,0.0,0.0,0.0,0.0,0.0,1.0,0.0,0.0,1.0,1.0,0.0,0.0,1.0,0.0,1.0,Attach guarantor,3.0,,1.0,0.0,0.0,1.0,2.0,3.0,0.0,,0.0,5.0,
23-00-47-37,0d14d411bf2e43a88927dc280fb3380f,327.0,Nairobi City,5,,0.0,0.0,0.0,0.0,0.0,0.0,0.0,0.0,0.0,0.0,0.0,0.0,1.0,,139532347.0,1.72,2.0,0.0,0.0,,,,,,,,,3.0,0.0,0.0,0.0,0.0,0.0,1.0,0.0,0.0,0.0,0.0,0.0,0.0,0.0,0.0,1.0,Recovery from guarantors,96.0,the Sacco is only for short term credit for members,0.0,,,,,,,,0.0,5.0,
93-43-26-52,fa1f18efd33a46858417c29514553fda,257.0,Nairobi City,5,,0.0,0.0,0.0,0.0,0.0,0.0,0.0,0.0,0.0,0.0,0.0,0.0,1.0,,117432639.0,,1.0,0.0,0.0,,,,,,,,,,0.0,0.0,0.0,0.0,0.0,,,,1.0,0.0,0.0,0.0,0.0,0.0,0.0,,96.0,as at now we don't have mortgage products,0.0,,,,,,,,0.0,96.0,we don't have mortgages products
12-77-32-66,8bacb456e5184814b4759d2b7b9a65ee,112.0,Nakuru,5,,0.0,0.0,0.0,1.0,0.0,1.0,0.0,0.0,0.0,1.0,0.0,0.0,0.0,,36000000.0,,5.0,0.0,0.0,,,,,,,,,18.0,0.0,0.0,0.0,0.0,0.0,0.0,1.0,1.0,1.0,0.0,0.0,1.0,0.0,0.0,0.0,,4.0,,1.0,0.0,1.0,2.0,3.0,0.0,0.0,,0.0,5.0,
51-51-33-35,c82c7003af1a4cc8ad31075d999694b5,242.0,Nairobi City,5,,0.0,0.0,0.0,0.0,0.0,0.0,0.0,0.0,0.0,0.0,0.0,1.0,,Personal Development Loans,4200000000.0,2.0,1.0,0.0,0.0,,,,,,,,,,0.0,0.0,0.0,0.0,0.0,1.0,0.0,0.0,0.0,1.0,0.0,0.0,0.0,0.0,0.0,,96.0,The respondent said that none of the above option applies to them.,0.0,,,,,,,,0.0,96.0,The respondent said that none of the above option applies to them.
11-83-05-73,9ff30db66a7e422aa7ee1802876072ec,16.0,Tharaka-Nithi,5,,0.0,0.0,0.0,1.0,0.0,1.0,1.0,0.0,0.0,0.0,0.0,0.0,,,387347774.0,15.5,1.0,0.0,0.0,,,,,,,,,,0.0,0.0,0.0,0.0,0.0,0.0,0.0,1.0,1.0,0.0,0.0,1.0,0.0,0.0,1.0,Refinancing with the same institution pick a bigger loan to repay the smaller one.,96.0,The Sacco doesn't offer Mortgages,0.0,,,,,,,,1.0,4.0,
65-51-02-48,063a998149134cccb176e910d0db2384,130.0,Kakamega,5,,0.0,0.0,0.0,1.0,1.0,1.0,1.0,1.0,0.0,0.0,1.0,0.0,0.0,,10500000000.0,16.0,3.0,0.0,0.0,,,,,,,,,,0.0,0.0,0.0,0.0,0.0,1.0,0.0,0.0,1.0,0.0,0.0,1.0,0.0,0.0,0.0,,1.0,,1.0,0.0,0.0,1.0,2.0,3.0,0.0,,0.0,1.0,
02-07-64-34,38743c44ea3b4963b7e3b71eb0f3cba7,122.0,Kericho,5,,0.0,0.0,0.0,1.0,0.0,0.0,1.0,0.0,0.0,0.0,0.0,0.0,1.0,,248385766.0,2.0,1.0,0.0,0.0,,,,,,,,,,0.0,0.0,0.0,0.0,0.0,1.0,0.0,0.0,1.0,0.0,0.0,1.0,0.0,0.0,0.0,,3.0,,1.0,1.0,0.0,2.0,3.0,0.0,0.0,,0.0,1.0,
56-93-26-87,5e509fb26f8f4e13a8cb61405d7fb6b8,200.0,Nairobi City,5,,0.0,0.0,0.0,0.0,1.0,0.0,0.0,0.0,0.0,0.0,0.0,0.0,0.0,,1041354345.0,20.1,2.0,0.0,0.0,,,,,,,,,,0.0,0.0,0.0,0.0,0.0,1.0,0.0,0.0,1.0,0.0,0.0,0.0,0.0,0.0,1.0,recover with collateral,96.0,N\A,0.0,,,,,,,,0.0,96.0,N/A
92-49-10-82,cd715bc690894c3d8726f30f2b0785db,207.0,Nairobi City,5,,0.0,0.0,0.0,0.0,0.0,0.0,0.0,0.0,0.0,0.0,0.0,0.0,0.0,,42616942.0,,1.0,0.0,0.0,,,,,,,,,,0.0,0.0,0.0,0.0,0.0,0.0,1.0,0.0,1.0,0.0,0.0,0.0,0.0,0.0,0.0,,3.0,,1.0,0.0,0.0,1.0,0.0,0.0,0.0,,0.0,2.0,
50-18-32-56,204d3534fb3c42f88eb96577577ea288,30.0,Nyandarua,5,,1.0,0.0,0.0,1.0,0.0,1.0,1.0,1.0,0.0,0.0,1.0,0.0,0.0,,376609159.0,5.0,1.0,0.0,0.0,,,,,,,,,,1.0,1.0,0.0,0.0,0.0,1.0,0.0,0.0,1.0,1.0,1.0,0.0,0.0,0.0,0.0,,2.0,,1.0,0.0,0.0,1.0,2.0,0.0,0.0,,0.0,5.0,
83-06-71-62,c4bfbe77394d45ec99d17311c9700f10,144.0,Kisumu,5,,0.0,1.0,0.0,1.0,0.0,0.0,1.0,1.0,0.0,0.0,0.0,0.0,0.0,,125428000.0,3.62,1.0,0.0,0.0,,,,,,,,,,0.0,0.0,0.0,0.0,0.0,1.0,0.0,0.0,1.0,0.0,0.0,1.0,0.0,0.0,0.0,,4.0,,1.0,0.0,0.0,0.0,3.0,2.0,1.0,performance of previous loans,0.0,1.0,
56-04-25-16,0e67820e492a4d9da9aac3e8617b4724,134.0,Bungoma,5,,1.0,1.0,0.0,1.0,1.0,1.0,1.0,1.0,0.0,1.0,1.0,0.0,0.0,,,2.0,1.0,0.0,0.0,,,,,,,,,,0.0,0.0,0.0,0.0,0.0,1.0,0.0,0.0,1.0,1.0,0.0,0.0,0.0,0.0,1.0,attachment of guarantors shares,2.0,,0.0,,,,,,,,0.0,5.0,
78-48-90-83,43e9f36e4a42477caba7e5d2db06c160,269.0,Nairobi City,5,,0.0,0.0,0.0,1.0,0.0,1.0,0.0,0.0,0.0,0.0,0.0,0.0,,,387781862.0,,1.0,0.0,0.0,,,,,,,,,,0.0,0.0,0.0,0.0,0.0,0.0,0.0,1.0,0.0,0.0,0.0,0.0,0.0,0.0,0.0,,96.0,Lack of sufficient guarantors,1.0,1.0,0.0,2.0,0.0,0.0,0.0,,0.0,5.0,
64-81-25-50,3d09b879a4054595b801c7ff1bfad9d9,185.0,Nairobi City,5,,0.0,0.0,0.0,0.0,0.0,0.0,0.0,0.0,0.0,0.0,0.0,0.0,1.0,,2872148675.0,2.0,2.0,0.0,0.0,,,,,,,,,,0.0,0.0,0.0,0.0,0.0,1.0,0.0,0.0,1.0,0.0,0.0,0.0,0.0,0.0,0.0,,3.0,,0.0,,,,,,,,0.0,4.0,
08-12-16-23,d6fcc0d6d9c2443abf4bd0f7f363478d,105.0,Kwale,5,,1.0,0.0,0.0,1.0,1.0,0.0,1.0,0.0,0.0,0.0,0.0,0.0,0.0,,104661012.0,3.4,1.0,0.0,0.0,,,,,,,,,,0.0,0.0,0.0,0.0,1.0,1.0,0.0,0.0,1.0,0.0,0.0,0.0,0.0,0.0,0.0,,1.0,,1.0,1.0,0.0,2.0,0.0,0.0,3.0,Borrower's ability to pay,0.0,5.0,
14-49-37-51,643f27c9f5e84365ada00e991cb48d5e,107.0,Baringo,5,,0.0,0.0,0.0,1.0,0.0,1.0,1.0,0.0,0.0,0.0,1.0,1.0,0.0,Others,2903821905.0,9.0,5.0,0.0,0.0,,,,,,,,,,1.0,1.0,1.0,0.0,1.0,1.0,0.0,0.0,1.0,1.0,0.0,1.0,0.0,0.0,1.0,use of shares,1.0,,1.0,1.0,2.0,3.0,0.0,0.0,0.0,,0.0,5.0,
65-40-91-10,6c821391d7434bb19f8df7e6d8a1d256,5.0,Meru,5,,0.0,0.0,0.0,0.0,0.0,0.0,0.0,0.0,0.0,0.0,0.0,0.0,0.0,,573058190.0,,3.0,0.0,0.0,,,,,,,,,,0.0,0.0,0.0,0.0,0.0,1.0,0.0,0.0,1.0,1.0,0.0,0.0,0.0,0.0,0.0,,3.0,,1.0,0.0,0.0,0.0,1.0,2.0,0.0,,0.0,1.0,
40-02-85-03,fc766d3f41c44a1284ae54fb61937d2f,24.0,Kitui,5,,1.0,0.0,0.0,1.0,1.0,1.0,1.0,1.0,0.0,0.0,0.0,0.0,0.0,,223226052.0,2.17,5.0,0.0,0.0,,,,,,,,,,0.0,0.0,0.0,0.0,0.0,1.0,0.0,1.0,1.0,0.0,0.0,1.0,0.0,0.0,1.0,recover from deposit/ savings,96.0,Affect the corporate image of the sacco when recovering,1.0,0.0,0.0,1.0,2.0,3.0,0.0,,1.0,6.0,
85-08-90-44,4d0841139c6145c68750bacffbc6f96a,319.0,Nairobi City,5,,0.0,0.0,0.0,0.0,0.0,0.0,0.0,0.0,0.0,0.0,0.0,0.0,0.0,,,,3.0,0.0,0.0,,,,,,,,,,0.0,0.0,0.0,0.0,0.0,1.0,0.0,0.0,1.0,0.0,0.0,0.0,0.0,0.0,0.0,,96.0,we don't have this product yet,0.0,,,,,,,,0.0,96.0,not applicable as of now
62-74-74-59,51ced8868827437e82e00f245bf39f78,309.0,Nairobi City,5,,0.0,0.0,0.0,0.0,0.0,0.0,0.0,0.0,0.0,0.0,0.0,1.0,0.0,Development Loans,804328203.0,3.45,3.0,0.0,0.0,,,,,,,,,,0.0,0.0,0.0,0.0,0.0,,,,1.0,0.0,0.0,0.0,0.0,0.0,1.0,Through guarantors,96.0,Employee salaries limit the loan amount issued,1.0,1.0,0.0,0.0,0.0,0.0,0.0,,0.0,96.0,no challenge
64-91-10-86,392222ac314a44f0886f2d30f9337d25,104.0,Nandi,5,,1.0,1.0,0.0,1.0,0.0,1.0,1.0,0.0,0.0,0.0,0.0,0.0,0.0,,204585735.0,14.66,1.0,0.0,0.0,,,,,,,,,,0.0,0.0,0.0,0.0,0.0,1.0,0.0,0.0,1.0,0.0,0.0,0.0,0.0,0.0,1.0,recover from guarantors,96.0,"unemployment,bad economic times",1.0,0.0,0.0,1.0,0.0,0.0,0.0,,0.0,4.0,
05-83-90-67,447d3e7b5124461e979f9c9dc6829b7d,87.0,Kiambu,5,,1.0,1.0,0.0,1.0,0.0,1.0,1.0,1.0,0.0,0.0,0.0,0.0,0.0,,621799822.0,9.7,1.0,0.0,0.0,,,,,,,,,,0.0,0.0,0.0,0.0,0.0,1.0,0.0,0.0,1.0,0.0,1.0,0.0,0.0,0.0,1.0,guarantorship,96.0,N/A,0.0,,,,,,,,0.0,96.0,N/A
58-11-57-67,f501e75e910a42799f5848c7a1a7ed76,58.0,Kirinyaga,5,,0.0,0.0,0.0,0.0,0.0,0.0,0.0,0.0,0.0,0.0,0.0,1.0,,business loans / farmers loans,33505149.65,,2.0,0.0,0.0,,,,,,,,,2.0,0.0,0.0,0.0,0.0,0.0,1.0,0.0,0.0,1.0,1.0,0.0,0.0,0.0,0.0,0.0,,6.0,,1.0,0.0,1.0,2.0,3.0,0.0,0.0,,0.0,5.0,
32-54-24-78,167145c0baea4447a9eed07b8870595e,60.0,Kirinyaga,5,,1.0,1.0,0.0,1.0,0.0,1.0,1.0,1.0,0.0,0.0,1.0,0.0,,,118954139.0,28.0,1.0,0.0,0.0,,,,,,,,,,0.0,0.0,0.0,0.0,1.0,1.0,0.0,0.0,1.0,1.0,0.0,0.0,0.0,0.0,0.0,,6.0,,1.0,0.0,1.0,2.0,3.0,0.0,0.0,,0.0,4.0,
33-19-43-63,d19ba9e92df5426d8d4244f411ee775d,283.0,Nairobi City,5,,0.0,1.0,0.0,0.0,0.0,1.0,0.0,0.0,0.0,0.0,0.0,0.0,,,317851246.0,,1.0,0.0,0.0,,,,,,,,,,0.0,0.0,0.0,0.0,0.0,1.0,0.0,0.0,1.0,0.0,0.0,0.0,0.0,0.0,1.0,Recover from guarantors and savings,1.0,,0.0,,,,,,,,1.0,5.0,
67-67-23-25,6265beb36059492dbc3be5f71c1d144a,270.0,Nairobi City,5,,1.0,0.0,0.0,0.0,0.0,0.0,0.0,0.0,0.0,0.0,0.0,0.0,1.0,,1604618008.0,,3.0,0.0,0.0,,,,,,,,,,0.0,0.0,0.0,0.0,0.0,0.0,1.0,1.0,1.0,0.0,0.0,0.0,0.0,0.0,0.0,,3.0,,0.0,,,,,,,,0.0,5.0,
37-14-82-88,f7c36253e1ca4afaaaa18eca93c8a984,28.0,Machakos,5,,0.0,0.0,0.0,1.0,0.0,0.0,1.0,1.0,0.0,0.0,0.0,0.0,,,117117220.0,,3.0,0.0,0.0,,,,,,,,,,0.0,0.0,0.0,0.0,0.0,0.0,1.0,0.0,1.0,0.0,0.0,0.0,0.0,0.0,0.0,,3.0,,0.0,,,,,,,,0.0,1.0,
15-02-56-12,0e7934653f6f4a44b0f5b85cf2b90cb6,228.0,Nairobi City,5,,0.0,0.0,0.0,1.0,0.0,0.0,1.0,0.0,0.0,0.0,1.0,0.0,,,270621442.0,,1.0,0.0,0.0,,,,,,,,,,0.0,0.0,0.0,0.0,0.0,1.0,0.0,0.0,1.0,0.0,0.0,0.0,0.0,0.0,1.0,Guarantors to pay,3.0,,0.0,,,,,,,,1.0,1.0,
44-39-84-00,b11339c5db7a4672bbd247831222469d,212.0,Nairobi City,5,,0.0,0.0,0.0,0.0,0.0,0.0,0.0,0.0,0.0,0.0,0.0,0.0,1.0,,927429340.0,,3.0,0.0,0.0,,,,,,,,,,0.0,0.0,0.0,0.0,0.0,0.0,0.0,1.0,1.0,1.0,1.0,0.0,1.0,0.0,1.0,Guarantorship,1.0,,0.0,,,,,,,,0.0,5.0,
27-14-38-82,c844b5daf1794b0e8f37c16c86badfcc,71.0,Kiambu,5,,1.0,1.0,0.0,1.0,0.0,1.0,1.0,1.0,0.0,0.0,0.0,0.0,0.0,,265276856.0,10.0,2.0,0.0,0.0,,,,,,,,,,0.0,0.0,0.0,0.0,0.0,1.0,0.0,0.0,1.0,0.0,0.0,0.0,0.0,0.0,1.0,use of guarantors,5.0,,1.0,1.0,0.0,2.0,0.0,3.0,0.0,,1.0,1.0,
37-60-58-72,d3049979f3d2481ca1cf945fb6c06b2b,274.0,Nairobi City,5,,1.0,1.0,0.0,0.0,0.0,0.0,0.0,0.0,0.0,0.0,0.0,0.0,1.0,,171618802.0,,2.0,0.0,0.0,,,,,,,,,,0.0,0.0,0.0,0.0,0.0,,,,1.0,0.0,0.0,0.0,0.0,0.0,0.0,,1.0,,1.0,0.0,3.0,2.0,1.0,0.0,0.0,,0.0,96.0,Job Redundancy
50-35-48-66,e2165d7908b244d6a65a6165a376581b,264.0,Nairobi City,5,,1.0,0.0,0.0,1.0,0.0,1.0,1.0,0.0,0.0,0.0,0.0,0.0,,,456825012.0,3.0,1.0,0.0,0.0,,,,,,,,,,0.0,0.0,0.0,0.0,0.0,0.0,1.0,1.0,1.0,1.0,1.0,0.0,0.0,0.0,1.0,Debt collectors,5.0,,1.0,1.0,2.0,3.0,0.0,0.0,0.0,,1.0,1.0,
36-23-09-05,15ab118cf0474966ae8a2674618fd3b8,229.0,Nairobi City,5,,0.0,0.0,0.0,0.0,0.0,0.0,0.0,0.0,0.0,0.0,0.0,1.0,0.0,Equity Release Loans,4702035939.0,,3.0,0.0,0.0,,,,,,,,,,0.0,0.0,0.0,0.0,0.0,0.0,0.0,1.0,1.0,0.0,1.0,0.0,0.0,0.0,1.0,Guarantor,3.0,,1.0,0.0,1.0,2.0,3.0,0.0,0.0,,1.0,96.0,period long default
85-52-25-07,fb52fe69f2854c61babc2a8c90f75269,329.0,Nairobi City,5,,0.0,0.0,0.0,0.0,0.0,0.0,0.0,0.0,0.0,0.0,0.0,0.0,0.0,,,,5.0,0.0,0.0,,,,,,,,,,0.0,0.0,0.0,0.0,0.0,0.0,1.0,0.0,1.0,0.0,0.0,0.0,0.0,0.0,1.0,follow up letters,6.0,,0.0,,,,,,,,0.0,96.0,we don't offer loans on housing/mortgage
59-50-44-46,495de750809d4be0bf55f28ad89cff31,52.0,Mombasa,5,,0.0,0.0,0.0,1.0,1.0,1.0,0.0,0.0,0.0,0.0,1.0,0.0,0.0,,162770672.0,1.76,3.0,0.0,0.0,,,,,,,,,,0.0,0.0,0.0,0.0,0.0,1.0,0.0,0.0,1.0,0.0,0.0,0.0,0.0,0.0,0.0,,3.0,,1.0,1.0,0.0,0.0,0.0,0.0,0.0,,0.0,4.0,
30-67-14-45,c51b68af058f464e9ea8e213173ca6ed,199.0,Nairobi City,5,,0.0,0.0,0.0,0.0,0.0,0.0,0.0,0.0,0.0,0.0,0.0,0.0,,,2722819864.0,,5.0,0.0,0.0,,,,,,,,,,0.0,0.0,0.0,0.0,0.0,1.0,0.0,0.0,1.0,0.0,0.0,1.0,0.0,0.0,1.0,Debt Collector,2.0,,0.0,,,,,,,,0.0,1.0,
76-14-60-14,324ac43f88fa43379eb77779de8ffdf9,150.0,Kisii,5,,0.0,0.0,0.0,0.0,0.0,0.0,0.0,0.0,0.0,0.0,0.0,0.0,0.0,,,,1.0,0.0,0.0,,,,,,,,,,0.0,0.0,0.0,0.0,0.0,1.0,0.0,0.0,1.0,1.0,0.0,0.0,0.0,0.0,0.0,,2.0,,1.0,0.0,1.0,2.0,3.0,0.0,0.0,,0.0,4.0,
83-20-44-85,4499a5360ccc460ab1887ef93546eda2,11.0,Meru,5,,0.0,0.0,0.0,0.0,0.0,0.0,0.0,0.0,0.0,0.0,0.0,0.0,0.0,,,,2.0,0.0,0.0,,,,,,,,,,0.0,0.0,0.0,0.0,0.0,1.0,0.0,0.0,0.0,0.0,0.0,0.0,0.0,0.0,0.0,,3.0,,0.0,,,,,,,,0.0,1.0,
63-66-35-12,3965131bed804dd6953d29efaf965aca,243.0,Nairobi City,5,,0.0,0.0,0.0,0.0,0.0,0.0,0.0,0.0,0.0,0.0,0.0,0.0,,,,,3.0,0.0,0.0,,,,,,,,,,0.0,0.0,0.0,0.0,0.0,,,,0.0,0.0,0.0,0.0,0.0,0.0,0.0,,96.0,we are currently not offering mortgages,0.0,,,,,,,,0.0,96.0,we have not had such cases
89-51-81-38,22d826efdf6f47a9858a0fbbb0e17b33,136.0,Kilifi,5,,0.0,0.0,0.0,1.0,0.0,1.0,1.0,0.0,0.0,0.0,0.0,0.0,0.0,,419543287.0,,3.0,0.0,0.0,,,,,,,,,,0.0,0.0,0.0,0.0,0.0,1.0,0.0,0.0,1.0,0.0,0.0,0.0,0.0,0.0,0.0,,5.0,,1.0,0.0,0.0,1.0,0.0,0.0,0.0,,0.0,6.0,
85-73-58-58,2873681d4d1d4c188f4c53b85e685fb4,50.0,Mombasa,5,,1.0,1.0,0.0,1.0,0.0,1.0,1.0,0.0,0.0,0.0,0.0,0.0,0.0,,282466536.0,,5.0,0.0,0.0,,,,,,,,,,0.0,0.0,0.0,0.0,0.0,1.0,0.0,0.0,1.0,0.0,0.0,0.0,0.0,0.0,1.0,GUARANTORS ATTACHED,2.0,,1.0,1.0,2.0,0.0,0.0,0.0,0.0,,0.0,5.0,
64-77-27-32,8c6bf2e7d6fe4aab86a342efe2c59cb5,102.0,Nandi,5,,1.0,0.0,0.0,1.0,0.0,1.0,1.0,0.0,0.0,0.0,1.0,1.0,,School Fees Agriculture,93770362.29,,1.0,0.0,0.0,,,,,,,,,,0.0,0.0,0.0,0.0,0.0,1.0,0.0,0.0,1.0,0.0,0.0,0.0,0.0,0.0,1.0,Recovery from gurantors,3.0,,0.0,,,,,,,,0.0,4.0,
31-55-40-54,627c2a787b864ae3ac24feb84a26c28a,299.0,Nairobi City,5,,0.0,0.0,0.0,0.0,0.0,0.0,0.0,0.0,0.0,0.0,0.0,1.0,,general loans,600000000.0,1.17,1.0,0.0,0.0,,,,,,,,,,0.0,0.0,0.0,0.0,0.0,0.0,1.0,0.0,0.0,1.0,0.0,0.0,0.0,0.0,0.0,,3.0,,1.0,0.0,0.0,1.0,0.0,0.0,0.0,,0.0,1.0,
22-23-59-74,08b4bd1d53f4405b9acd23faee5652b0,10.0,Meru,5,,0.0,0.0,0.0,0.0,0.0,0.0,0.0,0.0,0.0,0.0,0.0,0.0,0.0,,345805358.0,,1.0,0.0,0.0,,,,,,,,,2.0,0.0,0.0,0.0,0.0,0.0,0.0,0.0,1.0,1.0,1.0,1.0,0.0,1.0,0.0,0.0,,3.0,,1.0,0.0,0.0,0.0,0.0,1.0,0.0,,0.0,96.0,No mortgages/ housing loans provided by institution
29-58-69-43,1928b00140e34449bba508d5527bd48c,90.0,Samburu,5,,1.0,1.0,0.0,1.0,1.0,1.0,1.0,1.0,1.0,0.0,0.0,0.0,0.0,,500000000.0,15.0,3.0,0.0,0.0,0.0,0.0,0.0,0.0,0.0,0.0,,,,0.0,0.0,0.0,0.0,0.0,1.0,0.0,0.0,1.0,1.0,0.0,0.0,0.0,0.0,0.0,,5.0,,1.0,0.0,1.0,2.0,0.0,0.0,0.0,,1.0,1.0,
65-27-78-56,c150b353cf8c4388bb28718cc6f1f6e6,349.0,Lamu,5,,1.0,1.0,0.0,0.0,0.0,0.0,1.0,0.0,0.0,0.0,0.0,0.0,,,,,3.0,0.0,0.0,,,,,,,,,,0.0,0.0,0.0,0.0,0.0,1.0,0.0,1.0,1.0,0.0,1.0,0.0,0.0,0.0,0.0,,3.0,,1.0,1.0,0.0,0.0,2.0,3.0,0.0,,0.0,6.0,
19-80-85-19,d151ad22fd3d4a4eb6e0c8b491a0f19d,70.0,Kiambu,5,,1.0,0.0,0.0,1.0,0.0,1.0,1.0,0.0,0.0,0.0,0.0,0.0,0.0,,61756500.0,,1.0,0.0,0.0,,,,,,,,,,0.0,0.0,0.0,0.0,0.0,1.0,0.0,0.0,0.0,0.0,0.0,0.0,0.0,0.0,1.0,debt collectors,96.0,Sacco lacks check -off system,0.0,,,,,,,,0.0,96.0,Not Applicable
48-15-40-81,b064d9ddacf84df798912159cf065b89,318.0,Nairobi City,5,,0.0,0.0,0.0,1.0,1.0,1.0,1.0,0.0,0.0,0.0,0.0,0.0,0.0,,1863661259.0,85.5,2.0,199.0,229.0,,,,,,,,,,0.0,0.0,0.0,0.0,0.0,0.0,1.0,0.0,0.0,0.0,0.0,0.0,0.0,0.0,0.0,,96.0,they do not have a mortgage product,0.0,,,,,,,,0.0,5.0,
16-12-47-55,558cf7963a9a488185e3c713f5d2bd87,2.0,Meru,5,,0.0,0.0,0.0,0.0,0.0,0.0,0.0,0.0,0.0,0.0,0.0,0.0,0.0,,,,5.0,0.0,0.0,,,,,,,,,,0.0,0.0,0.0,0.0,0.0,1.0,0.0,0.0,1.0,0.0,0.0,0.0,0.0,0.0,0.0,,96.0,They do not offer any mortgage or construction financing,,,,,,,,,0.0,96.0,They do not offer any mortgage or construction financing
43-29-76-52,d800e25ff23a46429b21f9b7ff0d78cf,254.0,Nairobi City,5,,0.0,1.0,0.0,1.0,0.0,0.0,0.0,0.0,0.0,0.0,0.0,0.0,,,88790114.24,7.88,2.0,0.0,0.0,,,,,,,,,,0.0,0.0,0.0,0.0,0.0,0.0,1.0,1.0,0.0,1.0,1.0,0.0,0.0,0.0,0.0,,3.0,,1.0,0.0,0.0,1.0,0.0,0.0,0.0,,0.0,1.0,
03-17-04-22,9f8e2e225b44418aaddc5f127745cbca,302.0,Nairobi City,5,,0.0,0.0,0.0,0.0,0.0,0.0,0.0,0.0,0.0,0.0,0.0,0.0,1.0,,97987017.0,2.7,3.0,0.0,0.0,,,,,,,,,,0.0,0.0,0.0,0.0,0.0,,,,1.0,0.0,0.0,0.0,0.0,0.0,0.0,,,,0.0,,,,,,,,0.0,,
66-30-77-32,41378b30058d49689bc53ce810033da5,220.0,Nairobi City,5,,0.0,0.0,0.0,0.0,0.0,0.0,0.0,0.0,0.0,0.0,0.0,0.0,0.0,,,,3.0,0.0,0.0,,,,,,,,,,0.0,0.0,0.0,0.0,0.0,1.0,0.0,0.0,0.0,1.0,0.0,0.0,0.0,0.0,0.0,,3.0,,0.0,,,,,,,,0.0,96.0,Doesn't give loans for mortgage
48-69-60-20,b6a33f2449604b858a9471de09e2b268,88.0,West Pokot,5,,0.0,1.0,0.0,1.0,1.0,1.0,1.0,0.0,0.0,0.0,1.0,0.0,,,536361049.0,1.31,3.0,0.0,0.0,,,,,,,,,,0.0,0.0,0.0,0.0,0.0,1.0,0.0,0.0,1.0,1.0,1.0,1.0,1.0,1.0,0.0,,3.0,,0.0,,,,,,,,0.0,6.0,
39-28-59-63,3b3deddabfb543dab231782af491e232,226.0,Nairobi City,5,,0.0,0.0,0.0,1.0,0.0,0.0,0.0,0.0,0.0,0.0,0.0,0.0,,,646082206.0,1.6,1.0,0.0,0.0,,,,,,,,,,0.0,0.0,0.0,0.0,0.0,0.0,1.0,0.0,0.0,0.0,0.0,0.0,0.0,0.0,1.0,grauranters,3.0,,0.0,,,,,,,,0.0,6.0,
94-00-04-08,c5139aefb7c447c89b8092201eb66c4f,55.0,Mombasa,5,,1.0,1.0,0.0,1.0,0.0,1.0,1.0,0.0,0.0,0.0,0.0,0.0,0.0,,40855797.51,26.82,1.0,0.0,0.0,,,,,,,,,1.0,0.0,0.0,0.0,0.0,0.0,1.0,1.0,0.0,1.0,0.0,0.0,1.0,0.0,0.0,0.0,,1.0,,0.0,,,,,,,,1.0,1.0,
80-68-16-45,c9cb8c7b626c477abe4667d7a0e69684,223.0,Nairobi City,5,,0.0,0.0,0.0,0.0,0.0,0.0,0.0,0.0,0.0,0.0,0.0,0.0,0.0,,4527283517.0,,4.0,0.0,0.0,,,,,,,,,,0.0,0.0,0.0,0.0,0.0,1.0,0.0,0.0,0.0,0.0,0.0,0.0,0.0,0.0,0.0,,96.0,they don't give mortgage loans and construction loan,0.0,,,,,,,,0.0,96.0,they don't give construction loan and mortgage loans
12-96-77-37,515e0e3cc1bb45868b06053608c53550,93.0,Trans Nzoia,5,,0.0,0.0,0.0,0.0,0.0,0.0,0.0,0.0,0.0,0.0,0.0,0.0,0.0,,,,1.0,0.0,0.0,,,,,,,,,,0.0,0.0,0.0,0.0,0.0,0.0,1.0,0.0,1.0,0.0,0.0,0.0,0.0,0.0,0.0,,2.0,,1.0,1.0,0.0,0.0,0.0,0.0,0.0,,0.0,5.0,
46-03-19-57,d2c65eee4edc4a6382748937bc522529,231.0,Nairobi City,5,,0.0,0.0,0.0,1.0,0.0,0.0,1.0,0.0,0.0,0.0,0.0,0.0,,,275344456.0,,3.0,,,,,,,,,,,,0.0,0.0,0.0,0.0,0.0,0.0,1.0,0.0,1.0,0.0,0.0,1.0,0.0,0.0,0.0,,3.0,,0.0,,,,,,,,0.0,,
68-99-60-21,1c28eb130caf4597ac437a54075147e4,100.0,Nandi,5,,1.0,1.0,0.0,1.0,0.0,1.0,1.0,1.0,0.0,0.0,1.0,0.0,,,94037597.0,5.77,2.0,,,,,,,,,,,,,,,,,1.0,0.0,0.0,1.0,0.0,1.0,0.0,0.0,0.0,1.0,Recover from guarantors or Deposits.,,,1.0,1.0,2.0,3.0,0.0,0.0,0.0,,1.0,4.0,
20-49-80-11,b20a399cb6bb42a59f1f38c3afb975dd,262.0,Nairobi City,5,,0.0,0.0,0.0,0.0,0.0,0.0,0.0,1.0,0.0,0.0,0.0,0.0,1.0,,114057357.0,,3.0,,,,,,,,,,,,0.0,0.0,0.0,0.0,0.0,1.0,0.0,0.0,1.0,0.0,0.0,0.0,0.0,0.0,0.0,,,,0.0,,,,,,,,0.0,5.0,
11-40-36-61,c0f96b004af04b09be82d05e1c34cdaa,332.0,Nairobi City,5,,0.0,0.0,0.0,0.0,0.0,0.0,0.0,0.0,0.0,0.0,0.0,1.0,0.0,offer loan for purchase of motor vehicles and there repairs,,,,,,,,,,,,,,,,,,,,,,,,,,,,,,,,,,,,,,,,,,,
37-36-91-36,fedf86d5f37f4972b4a87a584a36aca7,331.0,Nairobi City,5,,1.0,1.0,0.0,1.0,0.0,0.0,1.0,0.0,0.0,0.0,0.0,0.0,0.0,,318758874.0,33.0,2.0,0.0,0.0,,,,,,,,,,0.0,0.0,0.0,0.0,0.0,,,,1.0,0.0,0.0,0.0,0.0,0.0,0.0,,3.0,,0.0,,,,,,,,0.0,2.0,
29-10-92-06,10e88003b563486780111f0107cfbcdd,306.0,Nairobi City,5,,0.0,0.0,0.0,1.0,0.0,0.0,1.0,0.0,0.0,0.0,0.0,0.0,1.0,,105688715.71,,2.0,,,,,,,,,,,,0.0,0.0,0.0,0.0,0.0,,,,1.0,0.0,0.0,0.0,0.0,0.0,1.0,Asking the guarantors to pay,6.0,,1.0,3.0,0.0,2.0,1.0,0.0,0.0,,0.0,1.0,
48-67-25-36,fc5fcf3481144ca0b523d4856a0a421e,247.0,Nairobi City,5,,1.0,0.0,0.0,1.0,0.0,0.0,1.0,1.0,0.0,1.0,1.0,0.0,0.0,,306157590.0,7.3,4.0,,,,,,,,,,,,0.0,0.0,0.0,0.0,0.0,,,,1.0,0.0,0.0,0.0,0.0,0.0,0.0,,6.0,,1.0,2.0,0.0,1.0,0.0,0.0,0.0,,1.0,5.0,
00-16-23-17,32f1d2998407444192de9bf67fd7fd47,20.0,Embu,5,,1.0,1.0,0.0,1.0,0.0,1.0,1.0,0.0,0.0,0.0,0.0,0.0,0.0,,10630113577.77,0.79,2.0,,,,,,,,,,,,0.0,0.0,0.0,0.0,0.0,1.0,0.0,0.0,1.0,0.0,0.0,0.0,0.0,0.0,0.0,,3.0,,1.0,0.0,1.0,2.0,0.0,0.0,3.0,Borrowers ability,0.0,1.0,
44-18-43-31,a059be560f6c4cc7ae604e657928138a,139.0,Siaya,5,,0.0,0.0,0.0,1.0,0.0,1.0,1.0,1.0,0.0,0.0,0.0,0.0,1.0,,298431112.8,12.3,1.0,,,,,,,,,,,,0.0,0.0,0.0,0.0,0.0,,,,0.0,0.0,0.0,0.0,0.0,0.0,1.0,Realizing the pledged guarantorship,96.0,Multi-borrowing this affecting their ability to repay loan,1.0,1.0,0.0,0.0,0.0,0.0,0.0,,0.0,4.0,
33-43-15-85,377e5ed4a1dd4f58bb4763ebc21ae368,322.0,Nairobi City,5,,0.0,0.0,0.0,1.0,0.0,0.0,0.0,0.0,0.0,0.0,0.0,0.0,1.0,,283000000.0,,3.0,0.0,0.0,,,,,,,,,,0.0,0.0,0.0,0.0,0.0,,,,1.0,1.0,0.0,0.0,0.0,0.0,0.0,,6.0,,1.0,0.0,2.0,1.0,0.0,0.0,0.0,,0.0,5.0,
52-10-65-29,3b52bd2e64864f03b1ef24d4e42d42fb,252.0,Nairobi City,5,,1.0,0.0,0.0,0.0,0.0,0.0,0.0,0.0,0.0,0.0,0.0,0.0,,,,,,0.0,0.0,,,,,,,,,,0.0,0.0,0.0,0.0,0.0,,,,0.0,0.0,0.0,0.0,0.0,0.0,0.0,,,,0.0,,,,,,,,0.0,,
87-74-67-52,aaab195f4d634895aee555f16c3ee52c,295.0,Nairobi City,5,,0.0,0.0,0.0,1.0,0.0,1.0,1.0,1.0,0.0,0.0,0.0,0.0,,,130342000.0,52.0,5.0,0.0,0.0,,,,,,,,,,0.0,0.0,0.0,0.0,0.0,1.0,0.0,0.0,1.0,1.0,1.0,0.0,0.0,0.0,0.0,,2.0,,0.0,,,,,,,,0.0,1.0,
47-63-00-70,a6ebd0bc8a6f45eb9964d57cf05aac3c,296.0,Nairobi City,5,,0.0,0.0,0.0,0.0,0.0,0.0,0.0,0.0,0.0,0.0,0.0,1.0,,The just give out general loans. They don't ask what the borrowers intend to do with it,26148258.0,,1.0,,,,,,,,,,,,0.0,0.0,0.0,0.0,0.0,,,,1.0,1.0,0.0,1.0,0.0,0.0,1.0,Recovery from guarantors,,,,,,,,,,,,,
45-57-30-89,be42c5fe63e44c93b3cf507b5ca3d1db,128.0,Bomet,5,,0.0,0.0,0.0,1.0,0.0,0.0,1.0,0.0,0.0,0.0,0.0,0.0,0.0,,237156561.0,8.0,5.0,,,,,,,,,,,,0.0,0.0,0.0,0.0,0.0,0.0,0.0,1.0,1.0,0.0,0.0,0.0,0.0,0.0,0.0,,3.0,,0.0,,,,,,,,0.0,5.0,
75-24-09-25,ce73fee2f6954877aa7d14d5485c6900,196.0,Nairobi City,5,,1.0,0.0,0.0,1.0,0.0,0.0,0.0,0.0,0.0,0.0,0.0,0.0,1.0,,231970466.29,,3.0,,,,,,,,,,,,0.0,0.0,0.0,0.0,0.0,,,,1.0,0.0,0.0,0.0,0.0,0.0,0.0,,6.0,,0.0,,,,,,,,0.0,1.0,
62-18-91-16,18360aea8ec9435a9ab5e1f0fd80a998,290.0,Nairobi City,5,,0.0,0.0,0.0,1.0,0.0,0.0,0.0,0.0,0.0,0.0,0.0,1.0,,We provide loans to our members but don't inquire what it is for.,131453213.51,,3.0,,,,,,,,,,,,0.0,0.0,0.0,0.0,0.0,0.0,0.0,1.0,1.0,0.0,0.0,1.0,0.0,0.0,0.0,,,,,,,,,,,,,,
33-29-27-26,6766e81811854cf6b2e30e10b416d963,148.0,Kisii,5,,1.0,1.0,0.0,1.0,0.0,0.0,0.0,0.0,0.0,0.0,0.0,0.0,0.0,,944000000.0,18.0,1.0,0.0,0.0,,,,,,,,18.0,,1.0,1.0,0.0,0.0,0.0,1.0,0.0,0.0,1.0,1.0,0.0,1.0,0.0,0.0,0.0,,5.0,,0.0,,,,,,,,0.0,1.0,
01-51-65-67,14106b879dd24fa1a5046dcae9ba8ac7,149.0,Kisii,5,,0.0,0.0,0.0,1.0,1.0,1.0,1.0,1.0,0.0,0.0,1.0,1.0,1.0,surveying and valuation,944000000.0,18.0,1.0,0.0,0.0,,,,,,,,18.0,,0.0,0.0,0.0,0.0,0.0,1.0,0.0,0.0,1.0,0.0,0.0,1.0,0.0,0.0,0.0,,2.0,,1.0,0.0,0.0,1.0,0.0,0.0,0.0,,0.0,5.0,
80-14-80-15,c828e83a11174655ac2fb4a427678db7,350.0,Taita Taveta,5,,0.0,0.0,0.0,1.0,0.0,1.0,1.0,1.0,0.0,0.0,0.0,0.0,0.0,,2733880628.0,,2.0,,,,,,,,,,18.0,,0.0,0.0,0.0,0.0,0.0,1.0,0.0,0.0,1.0,1.0,1.0,0.0,0.0,1.0,0.0,,1.0,,0.0,,,,,,,,0.0,1.0,
05-18-43-29,e7eec498db52472fbfbb32ba0ed8c94c,141.0,Siaya,5,,0.0,1.0,0.0,1.0,0.0,0.0,1.0,0.0,0.0,0.0,0.0,0.0,0.0,,111411236.0,,5.0,0.0,17.0,,,,,,,,17.0,5.0,0.0,0.0,0.0,0.0,0.0,1.0,0.0,1.0,1.0,0.0,0.0,0.0,0.0,0.0,0.0,,3.0,,1.0,0.0,0.0,2.0,3.0,1.0,0.0,,0.0,1.0,
42-03-91-20,f7fe8cd92db2421e9e6614f10508a0e2,129.0,Bomet,5,,1.0,1.0,0.0,1.0,1.0,1.0,1.0,0.0,0.0,0.0,0.0,0.0,0.0,,842397994.0,8.4,1.0,52.0,5.0,,,,,,,,15.0,3.0,0.0,0.0,0.0,0.0,1.0,1.0,0.0,0.0,1.0,0.0,0.0,0.0,0.0,0.0,0.0,,6.0,,1.0,0.0,0.0,1.0,0.0,0.0,0.0,,0.0,4.0,
49-89-48-01,8f530a7ba1c342fd8c07afc408a5a1a7,19.0,Embu,5,,0.0,0.0,0.0,1.0,1.0,1.0,1.0,1.0,1.0,1.0,0.0,0.0,0.0,,2509619494.0,0.11,1.0,,,1.0,1.0,0.0,0.0,0.0,0.0,,15.0,,0.0,0.0,0.0,0.0,0.0,1.0,0.0,0.0,1.0,1.0,1.0,0.0,0.0,0.0,0.0,,3.0,,1.0,0.0,1.0,0.0,0.0,2.0,0.0,,0.0,1.0,
18-68-49-76,dc105f0d628748d19ae6b749b4282337,321.0,Nairobi City,5,,0.0,0.0,0.0,0.0,0.0,0.0,0.0,0.0,0.0,0.0,0.0,0.0,0.0,,,,3.0,0.0,0.0,,,,,,,,,2.0,0.0,0.0,0.0,0.0,0.0,1.0,1.0,0.0,1.0,0.0,0.0,0.0,0.0,0.0,0.0,,2.0,,1.0,0.0,1.0,0.0,2.0,0.0,0.0,,0.0,5.0,
24-57-60-58,ff5df520b648492cace0f9067aaa88e0,172.0,Nairobi City,5,,0.0,0.0,0.0,0.0,0.0,0.0,0.0,0.0,0.0,0.0,0.0,0.0,0.0,,3000000.0,,5.0,0.0,0.0,,,,,,,,,,0.0,0.0,0.0,0.0,0.0,1.0,0.0,0.0,1.0,1.0,1.0,1.0,0.0,0.0,0.0,,6.0,,0.0,,,,,,,,0.0,6.0,
22-51-16-24,ea390f645ba2448ca62420dcd0809073,250.0,Nairobi City,5,,0.0,0.0,0.0,0.0,0.0,0.0,0.0,0.0,0.0,0.0,0.0,1.0,,General development loan,2531848444.0,5.0,3.0,0.0,0.0,,,,,,,,,,0.0,0.0,0.0,0.0,0.0,0.0,1.0,0.0,0.0,0.0,0.0,0.0,0.0,0.0,1.0,salary check off system,96.0,Equity bank dealing with mortgage an its own entity,1.0,0.0,0.0,1.0,0.0,0.0,0.0,,0.0,1.0,
52-41-81-86,9919d7788b1642ec86b03c3ae71d95f6,6.0,Meru,5,,0.0,0.0,0.0,0.0,0.0,0.0,0.0,0.0,0.0,0.0,0.0,0.0,0.0,,,,3.0,0.0,0.0,,,,,,,,,,0.0,0.0,0.0,0.0,0.0,0.0,0.0,1.0,0.0,0.0,0.0,0.0,0.0,0.0,0.0,,96.0,Sacco does not offer morgage loans,0.0,,,,,,,,0.0,96.0,Sacco does not offer mortgage loans
21-29-60-59,434110a6698348269b590c7bab0dbbe5,324.0,Nairobi City,5,,0.0,0.0,0.0,0.0,0.0,0.0,0.0,0.0,0.0,0.0,0.0,0.0,0.0,,1312309764.0,15.0,3.0,0.0,0.0,,,,,,,,,1.0,0.0,0.0,0.0,0.0,0.0,1.0,0.0,0.0,1.0,0.0,0.0,1.0,0.0,0.0,0.0,,2.0,,0.0,,,,,,,,0.0,4.0,
63-69-21-61,f02ae8bc5cf3482585ad124aa94eca39,103.0,Nandi,5,,0.0,0.0,0.0,0.0,0.0,0.0,0.0,0.0,0.0,0.0,0.0,1.0,0.0,School Fees Loans,74461063.0,13.0,2.0,0.0,0.0,,,,,,,,,,0.0,0.0,0.0,0.0,0.0,1.0,0.0,0.0,1.0,0.0,0.0,0.0,0.0,0.0,1.0,Use of guarantors,96.0,N/A,0.0,,,,,,,,0.0,96.0,N/A
97-26-53-65,625ed100679d41de935ad3df7c8feabf,251.0,Nairobi City,5,,0.0,0.0,0.0,1.0,1.0,1.0,1.0,1.0,0.0,0.0,0.0,0.0,0.0,,312000000.0,,3.0,0.0,0.0,,,,,,,,,7.0,0.0,0.0,0.0,0.0,0.0,1.0,0.0,0.0,1.0,0.0,0.0,1.0,0.0,0.0,1.0,Guaranters,1.0,,1.0,1.0,2.0,3.0,0.0,0.0,0.0,,0.0,1.0,
89-01-92-02,15ed28ff12524bb795882e08407fdb91,234.0,Nairobi City,5,,1.0,0.0,0.0,1.0,0.0,0.0,0.0,0.0,0.0,0.0,0.0,0.0,,,1256532610.34,,3.0,0.0,0.0,,,,,,,,,,0.0,0.0,0.0,0.0,0.0,0.0,0.0,1.0,1.0,0.0,0.0,0.0,0.0,0.0,0.0,,3.0,,0.0,,,,,,,,0.0,4.0,
34-38-52-08,3939a3092f90437abbee32248177893e,174.0,Nairobi City,5,,0.0,0.0,0.0,1.0,0.0,0.0,0.0,0.0,0.0,0.0,0.0,0.0,0.0,,1000000000.0,,3.0,0.0,0.0,,,,,,,,,,0.0,0.0,0.0,1.0,0.0,1.0,0.0,0.0,1.0,0.0,0.0,0.0,0.0,0.0,0.0,,1.0,,0.0,,,,,,,,0.0,1.0,
37-64-72-95,cbc13ef167ae442d8baaab2a89f9d985,201.0,Nairobi City,5,,1.0,0.0,0.0,1.0,0.0,0.0,1.0,0.0,0.0,0.0,0.0,0.0,0.0,,3018484336.0,,2.0,0.0,1.0,,,,,,,,,,0.0,0.0,0.0,0.0,0.0,1.0,0.0,0.0,0.0,0.0,0.0,0.0,0.0,0.0,1.0,Guarantor/ Deposit,96.0,N/A,0.0,,,,,,,,0.0,6.0,
49-12-30-71,0deebe0c95df4f8ca3d12aa962915ed6,246.0,Nairobi City,5,,0.0,0.0,0.0,0.0,0.0,0.0,0.0,0.0,0.0,0.0,0.0,0.0,1.0,,257000000.0,,2.0,0.0,0.0,,,,,,,,,,0.0,0.0,0.0,0.0,0.0,1.0,0.0,0.0,1.0,0.0,0.0,0.0,0.0,0.0,1.0,Using a debt collector,96.0,Not applicable,0.0,,,,,,,,0.0,96.0,Not applicable
98-56-11-96,4b4114dbd3d344079a35f588aa1cb678,131.0,Kakamega,5,,0.0,0.0,0.0,1.0,1.0,1.0,1.0,1.0,0.0,0.0,1.0,0.0,0.0,,9572170.0,6.75,5.0,0.0,0.0,,,,,,,,,,0.0,0.0,0.0,0.0,0.0,1.0,0.0,1.0,1.0,0.0,0.0,1.0,0.0,0.0,1.0,Guarantors,3.0,,1.0,0.0,0.0,0.0,1.0,0.0,0.0,,0.0,4.0,
84-65-69-10,30114a9dfc7246a6820929775478ae38,84.0,Kiambu,5,,0.0,0.0,0.0,0.0,0.0,0.0,1.0,1.0,0.0,0.0,0.0,0.0,0.0,,,,2.0,0.0,0.0,,,,,,,,,,0.0,0.0,0.0,0.0,0.0,1.0,0.0,0.0,1.0,1.0,1.0,0.0,0.0,0.0,0.0,,1.0,,0.0,,,,,,,,0.0,96.0,N/A
76-82-31-30,c15a4dcb2eac42d1891fa25c0084202f,89.0,Samburu,5,,1.0,0.0,0.0,1.0,0.0,0.0,0.0,0.0,0.0,0.0,0.0,0.0,0.0,,145198864.0,,5.0,0.0,0.0,,,,,,,,,,0.0,0.0,0.0,0.0,0.0,1.0,0.0,0.0,1.0,1.0,0.0,1.0,1.0,0.0,0.0,,3.0,,0.0,,,,,,,,0.0,96.0,no housing construction and mortgages loans
90-95-65-32,482a295c6d2e41a19ee143d1ee01b1d5,48.0,Mombasa,5,,0.0,0.0,0.0,1.0,0.0,1.0,1.0,0.0,0.0,0.0,0.0,0.0,0.0,,52400000.0,,1.0,0.0,0.0,,,,,,,,,1.0,0.0,0.0,0.0,0.0,0.0,0.0,1.0,0.0,1.0,0.0,0.0,0.0,0.0,0.0,0.0,,1.0,,0.0,,,,,,,,0.0,1.0,
14-14-81-04,f1857a0db5624567a9274d2d27e0a290,21.0,Embu,5,,1.0,1.0,0.0,1.0,1.0,1.0,1.0,1.0,0.0,0.0,0.0,0.0,0.0,,386000000.0,0.06,1.0,0.0,0.0,,,,,,,,,,0.0,0.0,0.0,0.0,0.0,,,,0.0,0.0,0.0,0.0,0.0,0.0,0.0,,,,1.0,,,,,,,,,,
85-95-94-17,0169fcfba87d4d719220597183e8a7e2,126.0,Bomet,5,,1.0,1.0,0.0,0.0,0.0,0.0,0.0,0.0,0.0,0.0,0.0,1.0,0.0,"School fees , Emergency loans and development loans",214000000.0,70.0,5.0,0.0,0.0,,,,,,,,,2.0,0.0,0.0,0.0,0.0,1.0,1.0,1.0,0.0,1.0,1.0,0.0,0.0,1.0,1.0,0.0,,5.0,,1.0,0.0,2.0,1.0,0.0,0.0,0.0,,1.0,1.0,
38-92-08-90,fa0f9d3e70dc400ba00bae74bf8c3546,13.0,Tharaka-Nithi,5,,0.0,0.0,0.0,1.0,0.0,1.0,1.0,1.0,0.0,0.0,1.0,1.0,1.0,building Renovation,1201812793.0,28.0,1.0,0.0,0.0,,,,,,,,,,0.0,0.0,0.0,0.0,0.0,1.0,0.0,0.0,1.0,1.0,0.0,1.0,0.0,0.0,0.0,,96.0,Inadequate repayment ability,1.0,1.0,0.0,0.0,2.0,3.0,0.0,,0.0,1.0,
89-96-75-29,fa9b9b0c190d47da99fb09158171d737,316.0,Nairobi City,5,,0.0,0.0,0.0,1.0,1.0,1.0,1.0,1.0,0.0,0.0,0.0,0.0,0.0,,801262870.11,,3.0,0.0,0.0,,,,,,,,,,0.0,0.0,0.0,0.0,0.0,1.0,0.0,1.0,1.0,0.0,0.0,0.0,0.0,0.0,0.0,,1.0,,0.0,,,,,,,,0.0,1.0,
97-97-73-33,7b7cffc2597a48ccb1419b59719fb1ff,177.0,Nairobi City,5,,0.0,0.0,0.0,0.0,0.0,0.0,0.0,0.0,0.0,0.0,0.0,0.0,0.0,,,,3.0,0.0,0.0,,,,,,,,,,0.0,0.0,0.0,0.0,0.0,1.0,0.0,0.0,1.0,0.0,0.0,0.0,0.0,0.0,0.0,,5.0,,0.0,,,,,,,,0.0,5.0,
16-19-10-50,fabf7233cadd43dabe99f140f1bbe5c6,265.0,Nairobi City,5,,0.0,0.0,0.0,0.0,0.0,0.0,0.0,0.0,0.0,0.0,0.0,1.0,,Normal loans,215798417.0,12.3,2.0,0.0,0.0,,,,,,,,,,0.0,0.0,0.0,0.0,0.0,1.0,0.0,0.0,0.0,0.0,0.0,0.0,0.0,0.0,1.0,GUARANTOR,96.0,none of the above,0.0,,,,,,,,0.0,96.0,none of the above
19-68-52-25,4e2461ccf0104b70a110299037c42e2d,143.0,Kisumu,5,,1.0,1.0,0.0,1.0,0.0,0.0,1.0,1.0,0.0,0.0,0.0,0.0,,,108949419.0,,5.0,0.0,0.0,,,,,,,,,,0.0,0.0,0.0,0.0,0.0,0.0,1.0,0.0,0.0,1.0,1.0,0.0,0.0,0.0,0.0,,96.0,The sacco doesn't offer mortgages therefore non of the above,1.0,1.0,2.0,0.0,0.0,3.0,0.0,,0.0,5.0,
68-95-60-93,ae1f074bc1fb4aa38ce745cd43de31a3,23.0,Kitui,5,,0.0,0.0,0.0,0.0,0.0,0.0,0.0,0.0,0.0,0.0,0.0,0.0,0.0,,8502952028.0,,3.0,0.0,0.0,,,,,,,,,,0.0,0.0,0.0,0.0,0.0,0.0,1.0,0.0,1.0,0.0,0.0,1.0,0.0,0.0,0.0,,96.0,Its not a major need bfir our customers,1.0,1.0,2.0,3.0,0.0,0.0,0.0,,0.0,96.0,Dont have construction loans
86-94-86-97,13e3506823ea4619a93fc26f39ec89d4,151.0,Nyamira,5,,0.0,0.0,0.0,1.0,0.0,0.0,0.0,0.0,0.0,0.0,0.0,0.0,0.0,,29467810.0,6.7,3.0,0.0,0.0,,,,,,,,,,0.0,0.0,0.0,0.0,0.0,1.0,0.0,0.0,1.0,1.0,0.0,0.0,0.0,0.0,0.0,,3.0,,0.0,,,,,,,,0.0,,
70-35-22-56,39daf967e5474e3aa735c526ad8c7ee4,236.0,Nairobi City,5,,0.0,0.0,0.0,0.0,0.0,0.0,0.0,0.0,0.0,0.0,0.0,1.0,,##N/A##,533077017.0,,4.0,0.0,0.0,,,,,,,,,,0.0,0.0,0.0,0.0,0.0,1.0,0.0,0.0,1.0,0.0,0.0,1.0,0.0,0.0,1.0,CRB/Debt collections,2.0,,1.0,1.0,0.0,0.0,2.0,3.0,0.0,,0.0,1.0,
84-00-40-66,050ad5c588834ff1b4bfd5e5339f33a9,63.0,Murang�a,5,,0.0,0.0,0.0,0.0,0.0,0.0,0.0,0.0,0.0,0.0,0.0,0.0,0.0,,2470000000.0,,3.0,0.0,0.0,,,,,,,,,,0.0,0.0,0.0,0.0,0.0,1.0,0.0,0.0,0.0,1.0,0.0,1.0,0.0,0.0,1.0,recover from guarantors,96.0,not applicable,0.0,,,,,,,,0.0,96.0,not applicable
69-11-58-47,d0ea28328d1f4c0b9caa25294947ad9a,230.0,Nairobi City,5,,0.0,0.0,0.0,1.0,0.0,1.0,1.0,0.0,0.0,0.0,0.0,0.0,,,2552050430.0,2.41,5.0,0.0,0.0,,,,,,,,,,0.0,0.0,0.0,0.0,0.0,1.0,0.0,0.0,1.0,0.0,0.0,1.0,0.0,0.0,1.0,Recovered from guarantors,3.0,,0.0,,,,,,,,0.0,4.0,
06-12-91-65,a82c316b69a0476c81f31e9bc3c22683,173.0,Nairobi City,5,,1.0,0.0,0.0,1.0,0.0,0.0,0.0,0.0,0.0,0.0,0.0,1.0,,"Construction of multiple, single residential buildings, commercial buildings and renovations.",8276695493.0,,2.0,0.0,0.0,,,,,,,,,,0.0,0.0,0.0,0.0,0.0,1.0,1.0,0.0,1.0,0.0,1.0,1.0,0.0,0.0,0.0,,3.0,,0.0,,,,,,,,1.0,1.0,
76-98-79-85,9f874b14f4d0491f9c4b361a34387a55,92.0,Trans Nzoia,5,,1.0,1.0,0.0,1.0,1.0,1.0,1.0,1.0,0.0,0.0,1.0,1.0,,N/A,13010860.0,17.0,3.0,0.0,0.0,,,,,,,,,,0.0,0.0,0.0,0.0,0.0,0.0,1.0,0.0,0.0,1.0,0.0,0.0,0.0,0.0,0.0,,4.0,,1.0,1.0,0.0,2.0,3.0,0.0,0.0,,0.0,1.0,
27-01-94-86,707ac4c4c8284217aca23e819ce39006,146.0,Homa Bay,5,,0.0,0.0,0.0,1.0,1.0,1.0,1.0,1.0,0.0,1.0,1.0,0.0,1.0,,280565694.0,1.91,1.0,0.0,0.0,,,,,,,,,,0.0,0.0,0.0,0.0,1.0,1.0,1.0,1.0,1.0,0.0,0.0,1.0,0.0,0.0,1.0,recover from savings,96.0,members borrowing ability,1.0,0.0,0.0,1.0,2.0,3.0,0.0,,0.0,4.0,
48-66-12-56,8572a9ab0e614f1e91adc5dbf469b795,26.0,Machakos,5,,0.0,0.0,0.0,0.0,0.0,0.0,0.0,0.0,0.0,0.0,0.0,1.0,,business loans,219539999.0,,5.0,0.0,0.0,,,,,,,,,1.0,0.0,0.0,0.0,0.0,0.0,0.0,1.0,0.0,1.0,0.0,0.0,1.0,0.0,0.0,0.0,,96.0,savings of the members,1.0,0.0,0.0,0.0,1.0,0.0,0.0,,0.0,5.0,
84-49-85-87,d2fb00ae27d1456abe27e3cc23eecb34,42.0,Mombasa,5,,0.0,0.0,0.0,1.0,0.0,0.0,1.0,1.0,0.0,0.0,0.0,0.0,0.0,,63926500.0,,3.0,0.0,0.0,,,,,,,,,1.0,0.0,0.0,0.0,0.0,0.0,1.0,0.0,0.0,1.0,0.0,0.0,0.0,0.0,0.0,0.0,,3.0,,0.0,,,,,,,,0.0,1.0,
05-15-66-94,04eeac2f96294299b6b6e82458561cf6,277.0,Nairobi City,5,,0.0,0.0,0.0,1.0,0.0,0.0,0.0,0.0,0.0,0.0,0.0,0.0,0.0,,442392454.0,9.1,3.0,0.0,0.0,,,,,,,,,,0.0,0.0,0.0,0.0,0.0,1.0,1.0,1.0,1.0,0.0,0.0,1.0,0.0,0.0,1.0,Guarantors deposit recovery,5.0,,1.0,1.0,0.0,2.0,3.0,0.0,0.0,,0.0,5.0,
04-43-37-71,6fb2107fe4d049868afa40027ff8e230,33.0,Nyeri,5,,1.0,1.0,0.0,0.0,0.0,0.0,0.0,0.0,0.0,0.0,0.0,0.0,1.0,,842347749.39,10.1,5.0,0.0,0.0,,,,,,,,,,0.0,0.0,0.0,0.0,1.0,1.0,0.0,0.0,1.0,1.0,0.0,0.0,0.0,1.0,0.0,,3.0,,1.0,1.0,0.0,2.0,0.0,0.0,0.0,,0.0,1.0,
19-24-00-69,0c9a055fae6e4f36a4454e233a8eb812,303.0,Nairobi City,5,,0.0,0.0,0.0,0.0,0.0,0.0,0.0,0.0,0.0,0.0,0.0,0.0,,,,,3.0,0.0,0.0,,,,,,,,,,0.0,0.0,0.0,0.0,0.0,1.0,0.0,0.0,1.0,0.0,0.0,0.0,0.0,0.0,0.0,,96.0,don't issue mortgage loans,0.0,,,,,,,,0.0,96.0,don't face such challenges because we don't issue such loans
39-09-47-95,20efd08c45854a53abd0d60e935c516b,12.0,Tharaka-Nithi,5,,0.0,0.0,0.0,0.0,0.0,0.0,0.0,0.0,0.0,0.0,0.0,0.0,0.0,,54334155.0,,5.0,0.0,0.0,,,,,,,,,,0.0,0.0,0.0,0.0,0.0,1.0,0.0,0.0,1.0,1.0,0.0,1.0,0.0,0.0,0.0,,3.0,,1.0,0.0,0.0,0.0,1.0,0.0,0.0,,0.0,1.0,
51-42-70-96,3afe4575c815429190983ae562fbf8e4,275.0,Nairobi City,5,,1.0,1.0,0.0,1.0,1.0,1.0,1.0,1.0,1.0,1.0,1.0,0.0,,,,,3.0,0.0,0.0,0.0,0.0,0.0,0.0,0.0,0.0,,,,0.0,0.0,0.0,0.0,0.0,0.0,0.0,1.0,1.0,0.0,0.0,1.0,0.0,0.0,0.0,,96.0,Not Applicable,0.0,,,,,,,,0.0,1.0,
48-28-99-61,618b73c6705e4d0daf0ef361de914026,69.0,Kiambu,5,,1.0,1.0,0.0,1.0,0.0,1.0,1.0,1.0,0.0,0.0,1.0,0.0,0.0,,,,1.0,0.0,0.0,,,,,,,,,,0.0,0.0,0.0,0.0,0.0,0.0,0.0,1.0,1.0,1.0,0.0,0.0,0.0,0.0,0.0,,3.0,,1.0,1.0,2.0,3.0,0.0,0.0,0.0,,0.0,5.0,
85-96-25-17,3114c001507d43539f29431318aaaccd,68.0,Kiambu,5,,0.0,0.0,0.0,1.0,0.0,1.0,1.0,1.0,0.0,0.0,0.0,0.0,0.0,,403530000.0,8.4,3.0,0.0,0.0,,,,,,,,,,0.0,0.0,0.0,0.0,1.0,1.0,0.0,1.0,1.0,1.0,1.0,0.0,0.0,0.0,0.0,,3.0,,1.0,0.0,1.0,2.0,3.0,0.0,0.0,,0.0,1.0,
38-00-42-30,d67406a934b44e32b97346b982672feb,208.0,Nairobi City,5,,0.0,0.0,0.0,1.0,0.0,0.0,1.0,0.0,0.0,0.0,0.0,0.0,0.0,,365922586.0,,3.0,0.0,0.0,,,,,,,,,,0.0,0.0,0.0,0.0,0.0,1.0,0.0,0.0,0.0,0.0,0.0,0.0,0.0,0.0,1.0,Attach Guarantors,3.0,,0.0,,,,,,,,0.0,5.0,
26-47-85-91,4622fc002fcb4b5d80c3c4680674dd20,280.0,Nairobi City,5,,1.0,1.0,0.0,1.0,0.0,0.0,0.0,0.0,0.0,0.0,0.0,1.0,0.0,Super Jijenge,482595197.0,,3.0,0.0,0.0,,,,,,,,,,1.0,0.0,0.0,0.0,0.0,0.0,0.0,1.0,1.0,0.0,0.0,0.0,0.0,0.0,0.0,,96.0,income to service high demand loans,,,,,,,,,1.0,1.0,
30-45-48-71,44194e958d214c048c8fd1bd7f589f48,273.0,Nairobi City,5,,1.0,0.0,0.0,1.0,0.0,0.0,0.0,0.0,0.0,0.0,0.0,1.0,,Development loans,286363292.0,,2.0,0.0,0.0,,,,,,,,,,0.0,0.0,0.0,0.0,0.0,0.0,1.0,0.0,1.0,0.0,1.0,0.0,0.0,0.0,0.0,,5.0,,0.0,,,,,,,,0.0,6.0,
98-77-75-91,d8cd92b2ec3b49188e694e1506ddf68e,76.0,Kiambu,5,,0.0,0.0,0.0,0.0,0.0,0.0,0.0,0.0,0.0,0.0,0.0,0.0,0.0,,184000000.0,,1.0,0.0,0.0,,,,,,,,,,0.0,0.0,0.0,0.0,0.0,1.0,0.0,0.0,1.0,0.0,0.0,0.0,0.0,0.0,0.0,,3.0,,1.0,1.0,2.0,3.0,0.0,0.0,0.0,,0.0,1.0,
31-30-79-54,edbc6f1afaba441cb69f9054b5e090c5,219.0,Nairobi City,5,,0.0,0.0,0.0,1.0,1.0,1.0,1.0,1.0,0.0,0.0,0.0,0.0,,,93327391.38,,1.0,0.0,0.0,,,,,,,,,,0.0,0.0,0.0,0.0,0.0,1.0,0.0,0.0,1.0,1.0,0.0,0.0,0.0,0.0,0.0,,96.0,we do not have the mortgages products,1.0,1.0,0.0,2.0,3.0,0.0,0.0,,0.0,5.0,
97-76-37-95,723bdfaac6b44df5815d0b2643404624,99.0,Nandi,5,,1.0,0.0,0.0,1.0,0.0,0.0,0.0,0.0,0.0,0.0,0.0,1.0,0.0,Education,18555613.0,,3.0,0.0,0.0,,,,,,,,,,0.0,0.0,0.0,0.0,0.0,1.0,0.0,0.0,1.0,1.0,1.0,0.0,0.0,0.0,0.0,,1.0,,1.0,1.0,0.0,2.0,3.0,0.0,0.0,,0.0,1.0,
93-45-07-15,fdd7dce540d8493ea577f244dbb2b892,124.0,Kericho,5,,0.0,0.0,0.0,0.0,0.0,1.0,1.0,1.0,0.0,0.0,0.0,0.0,0.0,,3557101727.0,,2.0,0.0,0.0,,,,,,,,,,0.0,0.0,0.0,0.0,0.0,0.0,0.0,1.0,1.0,0.0,0.0,1.0,0.0,0.0,1.0,Auctioneers and crb,96.0,Not Applicable,0.0,,,,,,,,0.0,96.0,We don't offer this product to our members
68-67-84-35,0553251c10c14a848692ef8d1afce377,61.0,Kirinyaga,5,,1.0,0.0,0.0,1.0,0.0,1.0,1.0,0.0,0.0,0.0,0.0,0.0,0.0,,645353221.0,,4.0,0.0,0.0,,,,,,,,,,0.0,0.0,0.0,0.0,0.0,1.0,0.0,0.0,1.0,0.0,0.0,1.0,0.0,0.0,1.0,recovery from guarantors,3.0,,0.0,,,,,,,,0.0,6.0,
68-92-54-84,b8bc2b4150a649fe888e82e7d29d6085,41.0,Nyeri,5,,0.0,0.0,0.0,1.0,0.0,1.0,1.0,0.0,0.0,0.0,0.0,0.0,0.0,,146000000.0,,3.0,0.0,0.0,,,,,,,,,,0.0,0.0,0.0,0.0,0.0,1.0,0.0,0.0,1.0,0.0,0.0,1.0,0.0,0.0,0.0,,3.0,,1.0,0.0,0.0,1.0,2.0,0.0,0.0,,0.0,4.0,
15-97-28-98,efd04424c020409dac51c600fbd74da8,170.0,Nairobi City,5,,0.0,0.0,0.0,1.0,0.0,1.0,1.0,1.0,0.0,0.0,0.0,1.0,0.0,Survey and Valuation,10250420730.0,1.5,4.0,0.0,0.0,,,,,,,,,,0.0,0.0,0.0,0.0,0.0,1.0,0.0,0.0,1.0,0.0,0.0,1.0,0.0,0.0,0.0,,5.0,,0.0,,,,,,,,0.0,1.0,
19-14-88-26,9770f9cc09d84f7980d17ea43901bcba,77.0,Kiambu,5,,1.0,0.0,0.0,1.0,0.0,1.0,1.0,0.0,0.0,0.0,1.0,0.0,0.0,,752665400.0,,2.0,0.0,0.0,,,,,,,,,,0.0,0.0,0.0,0.0,0.0,1.0,0.0,0.0,1.0,1.0,1.0,1.0,0.0,0.0,1.0,Physical recovery,5.0,,1.0,1.0,0.0,2.0,0.0,0.0,0.0,,0.0,1.0,
62-99-59-81,afc1fa00a1254db58f0f7704881fd178,97.0,Elgeyo Marakwet,5,,1.0,0.0,0.0,1.0,0.0,0.0,1.0,0.0,0.0,0.0,0.0,0.0,0.0,,525723659.0,,3.0,0.0,0.0,,,,,,,,,,0.0,0.0,0.0,0.0,0.0,0.0,1.0,1.0,0.0,0.0,0.0,0.0,0.0,0.0,1.0,use of guarantors,3.0,,1.0,1.0,0.0,2.0,0.0,0.0,0.0,,0.0,5.0,
66-72-91-71,bb353fe357a642ecac07d94b7b76a957,110.0,Nakuru,5,,0.0,0.0,0.0,1.0,0.0,0.0,1.0,0.0,0.0,0.0,0.0,0.0,0.0,,188014000.0,6.38,2.0,0.0,0.0,,,,,,,,,,0.0,0.0,0.0,0.0,0.0,0.0,0.0,1.0,1.0,0.0,0.0,1.0,0.0,0.0,0.0,,2.0,,1.0,0.0,1.0,2.0,0.0,3.0,0.0,,0.0,5.0,
50-25-18-56,7a56d150d78544a18e3b77c95f81afca,34.0,Nyeri,5,,0.0,0.0,0.0,0.0,0.0,0.0,0.0,0.0,0.0,0.0,0.0,1.0,0.0,Asset Finance and farmers loans,198562743.0,,3.0,0.0,0.0,,,,,,,,,,0.0,0.0,0.0,0.0,0.0,1.0,0.0,0.0,1.0,1.0,0.0,0.0,0.0,0.0,0.0,,3.0,,0.0,,,,,,,,0.0,1.0,
22-44-10-25,5889d7c4659947178b613136061225b7,115.0,Nakuru,5,,0.0,0.0,0.0,0.0,0.0,0.0,0.0,0.0,0.0,0.0,0.0,0.0,0.0,,152000000.0,,3.0,0.0,0.0,,,,,,,,,,0.0,0.0,0.0,0.0,0.0,1.0,0.0,0.0,1.0,0.0,0.0,1.0,0.0,0.0,0.0,,5.0,,0.0,,,,,,,,0.0,3.0,
28-73-52-05,d731117232d04d93a9ee2546330dffa3,276.0,Nairobi City,5,,0.0,0.0,0.0,1.0,1.0,1.0,1.0,0.0,0.0,0.0,1.0,0.0,,,2933791810.0,32.0,5.0,0.0,0.0,,,,,,,,,,0.0,0.0,0.0,0.0,0.0,0.0,0.0,1.0,1.0,1.0,1.0,1.0,0.0,0.0,0.0,,2.0,,1.0,1.0,0.0,2.0,0.0,0.0,0.0,,0.0,5.0,
53-59-47-74,a316a8c97a724e6b9e09f547fbaf68bf,145.0,Kisumu,5,,0.0,0.0,0.0,0.0,0.0,0.0,0.0,0.0,0.0,0.0,0.0,0.0,,,,,1.0,0.0,0.0,,,,,,,,,,0.0,0.0,0.0,0.0,0.0,,,,,,,,,,,,,,0.0,,,,,,,,0.0,,
85-88-68-92,41b45a537a3e43edaa97937a05bf6eaf,237.0,Nairobi City,5,,1.0,1.0,0.0,0.0,0.0,0.0,0.0,0.0,0.0,0.0,0.0,0.0,1.0,,1604930013.21,78.0,2.0,0.0,0.0,,,,,,,,,,0.0,0.0,0.0,0.0,0.0,1.0,0.0,0.0,1.0,0.0,0.0,1.0,0.0,0.0,0.0,,96.0,N/A... they don't give mortgage financing,0.0,,,,,,,,0.0,96.0,they don't give mortgage loans
86-87-30-74,59a4400fe00d405886c761cc55217e42,272.0,Nairobi City,5,,0.0,0.0,0.0,1.0,0.0,1.0,1.0,0.0,0.0,0.0,0.0,0.0,,,22200000.0,55.8,5.0,0.0,0.0,,,,,,,,,,0.0,0.0,0.0,0.0,0.0,0.0,1.0,0.0,1.0,0.0,1.0,1.0,0.0,0.0,0.0,,3.0,,1.0,1.0,0.0,0.0,2.0,3.0,0.0,,1.0,5.0,
73-01-19-34,9e474ef547124b1baf721663cc220cbb,147.0,Homa Bay,5,,0.0,0.0,0.0,1.0,0.0,1.0,1.0,0.0,0.0,0.0,1.0,1.0,1.0,All loans are disbursed as development loans,54034080.0,,3.0,0.0,0.0,,,,,,,,,1.0,0.0,0.0,0.0,0.0,0.0,0.0,1.0,0.0,1.0,0.0,0.0,0.0,0.0,0.0,0.0,,2.0,,0.0,,,,,,,,0.0,1.0,
70-25-18-61,a2293ae8ee2b4517bd741df546c53271,98.0,Elgeyo Marakwet,5,,1.0,0.0,0.0,1.0,1.0,1.0,1.0,1.0,1.0,1.0,1.0,0.0,1.0,,833732515.0,,3.0,0.0,0.0,0.0,0.0,0.0,0.0,0.0,0.0,,,,0.0,0.0,0.0,0.0,0.0,1.0,0.0,0.0,1.0,1.0,0.0,1.0,0.0,0.0,0.0,,3.0,,1.0,0.0,1.0,2.0,3.0,0.0,0.0,,0.0,5.0,
88-74-42-99,a32bfaef1d7f43b49346c2a4423ec7fd,94.0,Uasin Gishu,5,,0.0,0.0,0.0,0.0,0.0,0.0,0.0,0.0,0.0,0.0,0.0,0.0,0.0,,,,5.0,0.0,0.0,,,,,,,,,,0.0,0.0,0.0,0.0,0.0,0.0,1.0,0.0,1.0,0.0,0.0,0.0,0.0,0.0,0.0,,2.0,,0.0,,,,,,,,0.0,6.0,
29-55-61-60,6d374b306a5244348d87e16908c74a23,22.0,Kitui,5,,0.0,0.0,0.0,0.0,0.0,0.0,0.0,0.0,0.0,0.0,0.0,0.0,0.0,,,,1.0,0.0,0.0,,,,,,,,,,0.0,0.0,0.0,0.0,0.0,1.0,0.0,0.0,1.0,0.0,0.0,1.0,0.0,0.0,0.0,,2.0,,0.0,,,,,,,,0.0,96.0,not applicable
07-04-52-82,4bc3a716a15a47ebb5efbde5bfc995c0,32.0,Nyandarua,5,,0.0,0.0,0.0,0.0,0.0,0.0,0.0,0.0,0.0,0.0,0.0,0.0,,,1130000000.0,,1.0,0.0,0.0,,,,,,,,,,0.0,0.0,0.0,0.0,0.0,1.0,0.0,0.0,1.0,1.0,0.0,0.0,0.0,0.0,0.0,,,,,,,,,,,,,,
64-80-85-58,5779ccfff63d4c0d8a9589f2cb873a60,83.0,Kiambu,5,,1.0,0.0,0.0,1.0,0.0,0.0,0.0,0.0,0.0,0.0,0.0,0.0,0.0,,295964107.0,,3.0,0.0,0.0,,,,,,,,,,0.0,0.0,0.0,0.0,0.0,1.0,0.0,0.0,1.0,1.0,0.0,1.0,0.0,0.0,0.0,,96.0,the sacco doesn't offer mortgages,0.0,,,,,,,,0.0,96.0,sacco doesn't offer mortgage loans (N/A)
24-70-43-70,6105a06bbe71452795c4a17317c9f01d,9.0,Meru,5,,0.0,0.0,0.0,0.0,0.0,0.0,0.0,0.0,0.0,0.0,0.0,0.0,0.0,,250000.0,,1.0,0.0,0.0,,,,,,,,,,0.0,0.0,0.0,0.0,0.0,1.0,0.0,0.0,1.0,0.0,0.0,0.0,0.0,0.0,0.0,,96.0,It is a long term project and it is risky for the sacco,0.0,,,,,,,,0.0,96.0,N/A - Construction / mortgage loans not offered
64-25-32-53,599390a9643146b89d64f00e6a423bb7,119.0,Narok,5,,0.0,0.0,0.0,1.0,0.0,0.0,0.0,0.0,0.0,0.0,0.0,0.0,0.0,,195465186.0,,5.0,0.0,0.0,,,,,,,,,,0.0,0.0,0.0,0.0,0.0,,,,1.0,0.0,0.0,0.0,0.0,0.0,1.0,CRB,2.0,,0.0,,,,,,,,0.0,5.0,
29-09-13-67,0d6e7a02b71540cba5d059393ab25999,222.0,Nairobi City,5,,0.0,0.0,0.0,0.0,0.0,0.0,0.0,0.0,0.0,0.0,0.0,0.0,0.0,,1200000000.0,,3.0,0.0,0.0,,,,,,,,,,0.0,0.0,0.0,0.0,0.0,1.0,0.0,0.0,1.0,0.0,0.0,0.0,0.0,0.0,0.0,,5.0,,1.0,1.0,0.0,0.0,0.0,0.0,0.0,,1.0,1.0,
65-46-64-90,169506f34d9b469b844395c7dcdba6ee,82.0,Kiambu,5,,0.0,0.0,0.0,0.0,0.0,0.0,0.0,0.0,0.0,0.0,0.0,0.0,0.0,,,,1.0,0.0,0.0,,,,,,,,,,0.0,0.0,0.0,0.0,0.0,1.0,0.0,0.0,0.0,0.0,0.0,0.0,0.0,0.0,0.0,,,,0.0,,,,,,,,0.0,96.0,Don't issue mortgage loans
80-74-52-69,8108ca24f50949cc8baef6804d7a3d74,179.0,Nairobi City,5,,1.0,0.0,0.0,1.0,0.0,0.0,0.0,0.0,0.0,0.0,0.0,0.0,,,2908213745.0,0.21,3.0,0.0,0.0,,,,,,,,,,0.0,0.0,0.0,0.0,0.0,0.0,0.0,1.0,1.0,1.0,0.0,1.0,0.0,0.0,0.0,,5.0,,0.0,,,,,,,,0.0,1.0,
43-69-75-05,a40adee88a1347329ab1cf2137c8ce02,123.0,Kericho,5,,0.0,0.0,0.0,0.0,0.0,0.0,0.0,0.0,0.0,0.0,0.0,0.0,0.0,,,,1.0,0.0,0.0,,,,,,,,,,0.0,0.0,0.0,0.0,0.0,0.0,0.0,1.0,0.0,0.0,0.0,0.0,0.0,0.0,0.0,,96.0,Not Applicable,0.0,,,,,,,,0.0,96.0,Not Applicable
54-14-15-67,21557bc1e728443d88f47d5f52f88b00,202.0,Nairobi City,5,,0.0,0.0,0.0,1.0,0.0,0.0,0.0,0.0,0.0,0.0,0.0,0.0,,,4529708877.96,1.0,3.0,0.0,0.0,,,,,,,,,,0.0,0.0,0.0,0.0,0.0,1.0,0.0,0.0,1.0,1.0,0.0,0.0,0.0,0.0,0.0,,5.0,,1.0,1.0,2.0,3.0,0.0,0.0,0.0,,1.0,1.0,
45-72-95-53,b2cce5fb57b145b583b1816e5355900b,62.0,Kirinyaga,5,,1.0,1.0,0.0,1.0,0.0,1.0,1.0,1.0,0.0,0.0,0.0,0.0,0.0,,261854000.0,6.67,2.0,0.0,0.0,,,,,,,,,,0.0,0.0,0.0,0.0,0.0,1.0,0.0,0.0,1.0,1.0,0.0,0.0,0.0,0.0,0.0,,3.0,,0.0,,,,,,,,0.0,1.0,
44-08-21-65,4526213722194646b344f6d09202f02f,293.0,Nairobi City,5,,0.0,0.0,0.0,0.0,0.0,0.0,0.0,0.0,0.0,0.0,0.0,0.0,1.0,,719743994.0,,2.0,0.0,0.0,,,,,,,,,,0.0,0.0,0.0,0.0,0.0,1.0,0.0,0.0,1.0,1.0,0.0,0.0,0.0,0.0,0.0,,5.0,,1.0,1.0,0.0,2.0,3.0,0.0,0.0,,0.0,1.0,
75-23-48-06,fb6f940a4fec45b0a46e603977b2ee7f,312.0,Nairobi City,5,,1.0,0.0,0.0,1.0,0.0,0.0,0.0,0.0,0.0,0.0,0.0,0.0,0.0,,41057358.0,,2.0,0.0,0.0,,,,,,,,,,0.0,0.0,0.0,0.0,0.0,1.0,0.0,0.0,1.0,0.0,0.0,0.0,0.0,0.0,0.0,,96.0,"N/,A because they don't give any mortgage products",0.0,,,,,,,,0.0,96.0,still not applicable because they don't have any mortgage products
49-70-10-00,0eb6e84829de4e4ab1c2a25fdd63d9b2,258.0,Nairobi City,5,,0.0,0.0,0.0,0.0,0.0,0.0,0.0,0.0,0.0,0.0,0.0,0.0,0.0,,,,,0.0,0.0,,,,,,,,,,0.0,0.0,0.0,0.0,0.0,0.0,0.0,1.0,1.0,0.0,0.0,0.0,0.0,0.0,0.0,,96.0,Irrigation Sacco doesn't issue mortgages,0.0,,,,,,,,0.0,96.0,Irrigation Sacco doesn't have any housing product
75-30-16-71,a2a2deb489cf45d888d78bd55a6678df,121.0,Kajiado,5,,0.0,0.0,0.0,1.0,1.0,1.0,1.0,1.0,0.0,0.0,1.0,0.0,0.0,,,21.9,1.0,0.0,0.0,,,,,,,,,,1.0,1.0,1.0,1.0,1.0,1.0,0.0,0.0,1.0,0.0,0.0,0.0,0.0,0.0,0.0,,5.0,,1.0,1.0,2.0,3.0,0.0,0.0,0.0,,1.0,5.0,
99-47-50-53,1dbb7c8d4b86488e8662e815e3fa05b9,38.0,Nyeri,5,,0.0,0.0,0.0,0.0,0.0,0.0,0.0,0.0,0.0,0.0,0.0,0.0,0.0,,7331903457.0,,4.0,0.0,0.0,,,,,,,,,,0.0,0.0,0.0,0.0,0.0,1.0,0.0,0.0,0.0,0.0,0.0,0.0,0.0,0.0,0.0,,96.0,no such product under this Sacco,1.0,1.0,2.0,0.0,0.0,0.0,0.0,,0.0,96.0,Mortgage loans are not offered
78-48-03-04,cea281ea102947b19b4946978043629f,135.0,Kilifi,5,,1.0,1.0,0.0,1.0,0.0,1.0,1.0,1.0,0.0,0.0,0.0,0.0,,,10982191625.0,1.23,1.0,0.0,0.0,,,,,,,,,,0.0,0.0,0.0,0.0,0.0,1.0,0.0,0.0,1.0,0.0,0.0,0.0,0.0,0.0,0.0,,96.0,Source of financing loan book/funding costs,1.0,0.0,0.0,1.0,2.0,3.0,0.0,,0.0,5.0,
61-67-75-24,38a919658492434bbd1508ea15063ebc,271.0,Nairobi City,5,,0.0,0.0,0.0,1.0,1.0,1.0,0.0,0.0,0.0,0.0,1.0,1.0,,Housing Renovations,1676767835.0,4.5,2.0,0.0,0.0,,,,,,,,,,0.0,0.0,0.0,0.0,0.0,1.0,0.0,0.0,0.0,0.0,0.0,1.0,0.0,0.0,0.0,,96.0,The respondent said that none of the above option applies to them.,0.0,,,,,,,,0.0,96.0,The respondent said that none of the above option applies to them.
90-72-61-46,05e4660a0c4a460c9b17555435a4db14,315.0,Nairobi City,5,,0.0,0.0,0.0,0.0,0.0,0.0,0.0,0.0,0.0,0.0,0.0,0.0,0.0,,576077220.0,,5.0,0.0,0.0,,,,,,,,,,0.0,0.0,0.0,0.0,0.0,1.0,0.0,0.0,0.0,0.0,0.0,0.0,0.0,0.0,0.0,,3.0,,1.0,0.0,0.0,1.0,0.0,0.0,0.0,,0.0,5.0,
10-99-13-23,b1e6d694a65648478cd73e99909503c1,320.0,Nairobi City,5,,0.0,0.0,0.0,0.0,0.0,0.0,0.0,0.0,0.0,0.0,0.0,0.0,,,538225609.0,7.2,1.0,0.0,0.0,,,,,,,,,,0.0,0.0,0.0,0.0,0.0,1.0,0.0,0.0,0.0,0.0,0.0,0.0,0.0,0.0,1.0,Recover from member deposits and guarantors,1.0,,0.0,,,,,,,,0.0,6.0,
89-30-10-35,cc972f7d25384ce280c6db77b1f633a4,328.0,Nairobi City,5,,1.0,0.0,0.0,1.0,1.0,0.0,1.0,0.0,0.0,0.0,1.0,0.0,0.0,,,,3.0,0.0,0.0,,,,,,,,,,0.0,0.0,0.0,0.0,0.0,1.0,0.0,0.0,1.0,1.0,0.0,0.0,0.0,0.0,1.0,dept collection and follow up by guarantors of the loan,6.0,,1.0,1.0,2.0,0.0,3.0,0.0,0.0,,0.0,1.0,
61-62-11-10,8c4b01e5d6bf4761a3af8058a2bbe30e,310.0,Nairobi City,5,,0.0,0.0,0.0,0.0,0.0,0.0,0.0,0.0,0.0,0.0,0.0,0.0,1.0,,60000000.0,,3.0,0.0,0.0,,,,,,,,,,0.0,0.0,0.0,0.0,0.0,1.0,0.0,0.0,1.0,0.0,0.0,1.0,0.0,0.0,0.0,,96.0,They don't offer mortgage products,0.0,,,,,,,,0.0,96.0,They don't offer mortgage products
85-86-00-00,cda9561d6fa64f508fb32d697ff7656d,125.0,Kericho,5,,0.0,0.0,0.0,1.0,0.0,1.0,1.0,0.0,0.0,0.0,0.0,0.0,0.0,,191586484.0,,1.0,0.0,0.0,,,,,,,,,,0.0,0.0,0.0,0.0,0.0,1.0,0.0,0.0,1.0,0.0,0.0,1.0,0.0,0.0,1.0,recovery from guarantor,5.0,,1.0,1.0,2.0,3.0,0.0,0.0,0.0,,0.0,5.0,
05-92-56-74,e66ddc21638549c49c9ab618c7c8a218,117.0,Nakuru,5,,1.0,0.0,0.0,1.0,0.0,0.0,0.0,0.0,0.0,0.0,0.0,0.0,0.0,,375528460.0,,2.0,0.0,0.0,,,,,,,,,6.0,0.0,0.0,0.0,0.0,0.0,1.0,0.0,0.0,1.0,0.0,0.0,0.0,0.0,0.0,0.0,,5.0,,0.0,,,,,,,,0.0,1.0,
25-50-49-86,8bf12b6f52dc4c65a10392bece1895e0,313.0,Nairobi City,5,,0.0,0.0,0.0,0.0,0.0,0.0,0.0,0.0,0.0,0.0,0.0,0.0,,,,,3.0,0.0,0.0,,,,,,,,,,0.0,0.0,0.0,0.0,0.0,1.0,0.0,0.0,1.0,0.0,0.0,1.0,0.0,0.0,0.0,,1.0,,0.0,,,,,,,,0.0,96.0,There is non because they don't offer such loans
25-53-39-38,e405c1d5bef54d28b544b10a2fda8203,95.0,Uasin Gishu,5,,0.0,0.0,0.0,1.0,0.0,1.0,1.0,0.0,0.0,0.0,0.0,0.0,,,14349823.0,,1.0,0.0,0.0,,,,,,,,,,0.0,0.0,0.0,0.0,0.0,1.0,0.0,1.0,0.0,1.0,0.0,0.0,0.0,0.0,0.0,,4.0,,0.0,,,,,,,,0.0,3.0,
80-08-62-20,89aafeee5acf4f2a8dd688651896d357,8.0,Meru,5,,1.0,0.0,0.0,1.0,0.0,1.0,1.0,0.0,0.0,0.0,0.0,0.0,1.0,,443556829.0,20.74,3.0,0.0,0.0,,,,,,,,,,1.0,1.0,1.0,0.0,0.0,0.0,1.0,0.0,1.0,0.0,1.0,0.0,0.0,1.0,0.0,,3.0,,1.0,0.0,0.0,1.0,2.0,3.0,0.0,,1.0,5.0,
96-42-64-06,a9e92f5771a84667ad398dddd6d5ebe4,241.0,Nairobi City,5,,0.0,0.0,0.0,0.0,0.0,0.0,0.0,0.0,0.0,0.0,0.0,0.0,1.0,,691035171.0,,3.0,0.0,0.0,,,,,,,,,,0.0,0.0,0.0,0.0,0.0,0.0,1.0,0.0,0.0,0.0,0.0,0.0,0.0,0.0,1.0,Recovery from their deposits,96.0,Lack of proper security,0.0,,,,,,,,0.0,1.0,
49-89-79-41,72f408b52e1b47b7b973bef784d1cc95,27.0,Machakos,5,,0.0,0.0,0.0,1.0,0.0,1.0,1.0,0.0,0.0,1.0,0.0,0.0,,,3190347993.0,0.12,2.0,0.0,0.0,,,,,,,,,,0.0,0.0,0.0,0.0,0.0,1.0,0.0,0.0,0.0,0.0,0.0,0.0,0.0,0.0,1.0,Attachment to loan guarantors,6.0,,0.0,,,,,,,,0.0,1.0,
68-21-30-56,e0b69e488305471e858ca091e0279891,239.0,Nairobi City,5,,0.0,0.0,0.0,0.0,0.0,0.0,0.0,0.0,0.0,0.0,0.0,0.0,0.0,,167580000.0,,3.0,0.0,0.0,,,,,,,,,,0.0,0.0,0.0,0.0,0.0,0.0,1.0,0.0,1.0,0.0,0.0,0.0,0.0,0.0,0.0,,5.0,,0.0,,,,,,,,0.0,96.0,Don't provide loans for housing
43-83-51-43,1d8751065f974d8eb4a756415f6d36f8,311.0,Nairobi City,5,,0.0,0.0,0.0,0.0,0.0,0.0,0.0,0.0,0.0,0.0,0.0,1.0,0.0,development loan,291000000.0,,3.0,0.0,0.0,,,,,,,,,,0.0,0.0,0.0,0.0,0.0,1.0,0.0,0.0,1.0,0.0,0.0,0.0,0.0,0.0,0.0,,5.0,,1.0,0.0,1.0,2.0,0.0,0.0,0.0,,0.0,4.0,
88-56-25-07,a84109d3245849e7a30fdda62c276d3e,31.0,Nyandarua,5,,1.0,0.0,0.0,0.0,0.0,0.0,0.0,0.0,0.0,0.0,0.0,1.0,0.0,Development loan and Asset Financing loan,818362361.0,,2.0,0.0,0.0,,,,,,,,,,0.0,0.0,0.0,0.0,0.0,0.0,0.0,1.0,1.0,1.0,0.0,1.0,0.0,0.0,0.0,,6.0,,1.0,0.0,1.0,2.0,3.0,0.0,0.0,,0.0,1.0,
10-19-35-61,e3f88e7e01d04323b616234f8373e12b,268.0,Nairobi City,5,,0.0,0.0,0.0,1.0,0.0,0.0,0.0,0.0,0.0,0.0,0.0,1.0,,"Construction of multiple residential, single residential, commercial properties and renovations.",262862471.0,,1.0,0.0,0.0,,,,,,,,,,0.0,0.0,0.0,0.0,0.0,0.0,1.0,0.0,1.0,0.0,0.0,1.0,0.0,0.0,0.0,,96.0,Not applicable since they don't have loans specifically geared towards construction and mortgages,0.0,,,,,,,,0.0,96.0,none
05-02-46-69,1e7733842f154b03b790a3ba7b147ff9,37.0,Nyeri,5,,1.0,0.0,1.0,1.0,0.0,0.0,1.0,0.0,1.0,0.0,0.0,0.0,0.0,,2785223237.0,6.7,4.0,20.0,10.0,1.0,1.0,1.0,0.0,0.0,0.0,,,,0.0,0.0,0.0,0.0,0.0,1.0,0.0,0.0,1.0,1.0,1.0,0.0,0.0,0.0,0.0,,3.0,,1.0,0.0,0.0,1.0,0.0,2.0,0.0,,1.0,1.0,
82-88-35-75,b51cf544961e49d19d60ada890126cda,259.0,Nairobi City,5,,0.0,0.0,0.0,1.0,0.0,0.0,0.0,0.0,0.0,0.0,0.0,0.0,,,121000000.0,2.28,5.0,0.0,0.0,,,,,,,,,,0.0,0.0,0.0,0.0,0.0,1.0,0.0,0.0,1.0,1.0,0.0,0.0,0.0,0.0,1.0,court,3.0,,1.0,0.0,0.0,0.0,0.0,0.0,1.0,security,0.0,96.0,enough security
14-95-41-92,12cd52e5e1ce47988a0574801bf0fd6d,114.0,Nakuru,5,,0.0,0.0,0.0,0.0,0.0,1.0,1.0,0.0,0.0,0.0,0.0,0.0,0.0,,20000300.0,,3.0,0.0,0.0,,,,,,,,,,0.0,0.0,0.0,0.0,0.0,0.0,1.0,1.0,1.0,0.0,0.0,0.0,0.0,0.0,0.0,,3.0,,1.0,1.0,0.0,0.0,0.0,0.0,0.0,,1.0,5.0,
47-84-20-59,19eee049a54445fcbeaaada332a29127,255.0,Nairobi City,5,,1.0,0.0,0.0,0.0,0.0,0.0,0.0,0.0,0.0,0.0,1.0,0.0,0.0,,4000000.0,15.0,3.0,0.0,0.0,,,,,,,,,1.0,0.0,0.0,0.0,0.0,0.0,0.0,0.0,1.0,0.0,0.0,0.0,0.0,0.0,0.0,0.0,,2.0,,0.0,,,,,,,,0.0,1.0,
56-66-28-93,9d145006f99145ce878ba711af787c08,245.0,Nairobi City,5,,0.0,0.0,0.0,0.0,0.0,0.0,0.0,0.0,0.0,0.0,0.0,1.0,,Development Loans,387000000.0,1.0,5.0,0.0,0.0,,,,,,,,,,0.0,0.0,0.0,0.0,0.0,1.0,0.0,1.0,1.0,1.0,1.0,0.0,0.0,0.0,0.0,,96.0,security,1.0,0.0,0.0,1.0,0.0,0.0,0.0,,0.0,1.0,
67-89-15-48,a65f6dd8075c49c38040c3b48cf367e0,109.0,Laikipia,5,,0.0,0.0,0.0,1.0,0.0,1.0,1.0,1.0,0.0,0.0,0.0,0.0,1.0,,156702274.0,3.0,1.0,0.0,0.0,,,,,,,,,1.0,0.0,0.0,0.0,0.0,0.0,0.0,1.0,0.0,1.0,1.0,0.0,0.0,0.0,0.0,0.0,,5.0,,1.0,0.0,1.0,2.0,0.0,0.0,0.0,,0.0,1.0,
49-49-36-21,5154f1133da34b0992b995b2d1b46a97,133.0,Kakamega,5,,1.0,1.0,0.0,1.0,1.0,1.0,1.0,1.0,0.0,0.0,0.0,0.0,0.0,,23038000.0,24.0,4.0,0.0,12.0,,,,,,,,,,0.0,0.0,0.0,0.0,0.0,0.0,1.0,0.0,1.0,0.0,1.0,0.0,0.0,0.0,0.0,,2.0,,1.0,1.0,2.0,3.0,0.0,0.0,0.0,,0.0,5.0,
58-00-86-97,2d153b6b050e495aa0b9212cd3dc7631,118.0,Narok,5,,0.0,1.0,0.0,1.0,0.0,1.0,1.0,0.0,0.0,0.0,1.0,1.0,0.0,"business loans, school fees",105796247.49,42.91,1.0,0.0,0.0,,,,,,,,,,,,,,,1.0,1.0,0.0,1.0,0.0,0.0,1.0,0.0,1.0,1.0,recovering from guarantors,6.0,,0.0,,,,,,,,0.0,4.0,
88-88-60-45,f7f616c36a8748969a8a5ff01ad7b856,198.0,Nairobi City,5,,1.0,0.0,1.0,1.0,1.0,1.0,1.0,0.0,1.0,0.0,0.0,0.0,,,3864608289.0,5.0,1.0,,,0.0,0.0,0.0,1.0,0.0,0.0,,6.0,,0.0,0.0,0.0,0.0,0.0,1.0,0.0,0.0,1.0,1.0,0.0,1.0,0.0,0.0,1.0,Guarantor,,,0.0,,,,,,,,0.0,6.0,
18-58-96-33,e2a8acd6f9574c1099e58e654b832bdb,176.0,Nairobi City,5,,0.0,0.0,0.0,1.0,0.0,1.0,1.0,1.0,1.0,0.0,0.0,0.0,0.0,,235000000.0,,1.0,16.0,22.0,0.0,0.0,0.0,0.0,0.0,1.0,processing fee,7.5,,0.0,0.0,0.0,0.0,0.0,1.0,0.0,0.0,0.0,0.0,0.0,0.0,0.0,0.0,0.0,,3.0,,1.0,0.0,0.0,1.0,0.0,0.0,0.0,,1.0,1.0,
16-50-59-14,d6229d90acf14a3897173d33773afd4e,39.0,Nyeri,5,,1.0,1.0,0.0,1.0,1.0,1.0,1.0,1.0,0.0,0.0,1.0,0.0,0.0,,2800000000.0,20.0,4.0,150.0,300.0,,,,,,,,7.7,,0.0,0.0,0.0,0.0,0.0,1.0,0.0,0.0,1.0,1.0,1.0,0.0,0.0,1.0,0.0,,3.0,,1.0,0.0,1.0,2.0,0.0,0.0,0.0,,0.0,1.0,
45-79-05-40,5109fecf925d4f1e993feca63cff3409,204.0,Nairobi City,5,,1.0,1.0,1.0,0.0,0.0,0.0,1.0,0.0,1.0,0.0,0.0,0.0,0.0,,8116882714.13,,1.0,12.0,33.0,0.0,0.0,0.0,0.0,0.0,0.0,,8.0,,0.0,0.0,0.0,0.0,0.0,0.0,0.0,1.0,0.0,0.0,0.0,0.0,0.0,0.0,0.0,,6.0,,1.0,1.0,0.0,3.0,2.0,0.0,0.0,,0.0,1.0,
53-65-54-58,645478a8850c4de38bb1fe560aaedfc1,72.0,Kiambu,5,,1.0,1.0,1.0,1.0,0.0,1.0,1.0,1.0,1.0,0.0,0.0,0.0,0.0,,2280929800.23,2.46,2.0,0.0,30.0,1.0,1.0,0.0,0.0,0.0,0.0,,8.0,,0.0,0.0,0.0,0.0,0.0,1.0,0.0,0.0,1.0,1.0,1.0,0.0,0.0,0.0,0.0,,6.0,,1.0,1.0,0.0,2.0,0.0,3.0,0.0,,0.0,5.0,
16-88-37-36,09438bfd19f44137b9170b5e587ef275,40.0,Nyeri,5,,1.0,0.0,1.0,1.0,0.0,0.0,0.0,0.0,1.0,0.0,0.0,0.0,0.0,,65000000.0,,3.0,0.0,13.0,1.0,1.0,1.0,1.0,0.0,0.0,,8.0,10.0,0.0,0.0,0.0,0.0,0.0,0.0,1.0,0.0,0.0,0.0,0.0,0.0,0.0,0.0,0.0,,3.0,,1.0,1.0,0.0,2.0,3.0,0.0,0.0,,0.0,1.0,
40-36-83-37,a8c14ccf27dc4356b08d0e5e1786a0f6,218.0,Nairobi City,5,,0.0,0.0,0.0,1.0,0.0,0.0,0.0,0.0,0.0,0.0,0.0,0.0,1.0,,2684059533.0,0.23,2.0,,,,,,,,,,8.5,,0.0,0.0,0.0,0.0,0.0,,,,1.0,0.0,0.0,1.0,0.0,0.0,0.0,,6.0,,0.0,,,,,,,,1.0,1.0,
27-46-18-22,6e63cf80286241479fe11e9a7403bcfe,260.0,Nairobi City,5,,0.0,0.0,0.0,1.0,0.0,0.0,1.0,1.0,0.0,0.0,0.0,0.0,0.0,,2000000.0,,3.0,0.0,0.0,,,,,,,,8.5,3.0,0.0,0.0,0.0,0.0,0.0,1.0,1.0,0.0,1.0,0.0,0.0,0.0,0.0,0.0,0.0,,1.0,,1.0,1.0,2.0,0.0,0.0,3.0,0.0,,0.0,1.0,
95-85-59-58,1815e572aa5f455bb819a80e02a586a3,221.0,Nairobi City,5,,0.0,1.0,1.0,0.0,0.0,1.0,1.0,0.0,1.0,0.0,1.0,1.0,0.0,asset finance for cars,45600000000.0,0.29,1.0,1.0,41.0,1.0,1.0,1.0,1.0,0.0,0.0,,9.0,,0.0,0.0,0.0,1.0,0.0,1.0,0.0,0.0,0.0,0.0,0.0,0.0,0.0,0.0,1.0,guaranteed by members,96.0,limited ability to pay/payslip don't match requested loans,1.0,2.0,1.0,0.0,0.0,0.0,0.0,,0.0,96.0,instability in income flows.....
34-09-85-05,f56a75d437f54fcca1aa666cb6d1d235,205.0,Nairobi City,5,,1.0,1.0,1.0,1.0,1.0,1.0,1.0,0.0,1.0,0.0,0.0,0.0,0.0,,2951997585.0,1.47,3.0,115.0,96.0,0.0,0.0,1.0,0.0,1.0,0.0,,9.0,,0.0,0.0,0.0,1.0,0.0,,,,1.0,1.0,1.0,1.0,0.0,0.0,0.0,,6.0,,1.0,0.0,0.0,1.0,0.0,0.0,0.0,,1.0,1.0,
71-12-92-11,b1352c63ad7a44bd95642ef4785e7c5b,210.0,Nairobi City,5,,1.0,1.0,1.0,1.0,0.0,1.0,1.0,1.0,1.0,0.0,0.0,0.0,0.0,,17400000000.0,4.0,3.0,30.0,90.0,0.0,0.0,0.0,0.0,0.0,1.0,Provided by external party,9.93,,0.0,0.0,0.0,0.0,0.0,1.0,0.0,0.0,1.0,1.0,1.0,1.0,0.0,0.0,0.0,,3.0,,1.0,0.0,0.0,0.0,0.0,1.0,0.0,,1.0,1.0,
63-51-45-68,25ac0d2394e24bf294337b176055c49c,225.0,Nairobi City,5,,0.0,0.0,0.0,1.0,1.0,1.0,1.0,0.0,0.0,0.0,0.0,0.0,0.0,,45428791000.0,12.0,3.0,101.0,25.0,,,,,,,,10.5,25.0,0.0,0.0,0.0,0.0,1.0,1.0,1.0,0.0,1.0,1.0,1.0,0.0,0.0,0.0,0.0,,1.0,,1.0,0.0,1.0,0.0,2.0,3.0,0.0,,0.0,4.0,
17-96-73-62,109cc89e7c924e69bcf2e72e6eb5859f,281.0,Nairobi City,5,,1.0,1.0,1.0,1.0,0.0,0.0,0.0,0.0,1.0,0.0,0.0,0.0,0.0,,280000000.0,,3.0,4.0,10.0,1.0,1.0,1.0,1.0,1.0,0.0,,11.0,,0.0,0.0,0.0,0.0,0.0,1.0,0.0,0.0,1.0,0.0,0.0,0.0,0.0,0.0,0.0,,6.0,,1.0,0.0,0.0,1.0,2.0,0.0,3.0,income eligibility,0.0,4.0,
52-94-20-58,4810857e56b84bcaa568dd92e66ec837,46.0,Mombasa,5,,1.0,1.0,0.0,1.0,0.0,1.0,1.0,1.0,0.0,0.0,0.0,0.0,0.0,,675717775.7,5.99,1.0,154.0,140.0,,,,,,,,11.0,3.0,0.0,0.0,0.0,0.0,0.0,1.0,1.0,1.0,0.0,0.0,0.0,1.0,0.0,0.0,0.0,,3.0,,1.0,3.0,0.0,1.0,0.0,2.0,0.0,,0.0,5.0,
13-80-39-25,e993f069e5ed4f90aa0dbc7f0182a0f7,49.0,Mombasa,5,,1.0,1.0,0.0,1.0,0.0,1.0,1.0,1.0,0.0,0.0,0.0,0.0,0.0,,255414000.0,4.2,5.0,89.0,401.0,,,,,,,,11.0,,0.0,0.0,0.0,0.0,0.0,1.0,0.0,0.0,1.0,0.0,0.0,0.0,0.0,0.0,1.0,Use of Guarantors to Recover Loans,3.0,,1.0,1.0,0.0,2.0,0.0,3.0,0.0,,0.0,5.0,
34-35-12-80,8bd9c0c02415499482e9fe3cff359c09,53.0,Mombasa,5,,1.0,0.0,0.0,1.0,0.0,0.0,1.0,0.0,0.0,0.0,1.0,0.0,0.0,,112420000.0,6.5,1.0,0.0,194.0,,,,,,,,11.0,2.0,0.0,0.0,0.0,0.0,0.0,0.0,1.0,0.0,1.0,0.0,0.0,0.0,0.0,0.0,0.0,,3.0,,0.0,,,,,,,,0.0,5.0,
24-62-99-82,52e01d4a46c645d4b225ec0ca6f7a661,279.0,Nairobi City,5,,0.0,0.0,0.0,1.0,1.0,0.0,1.0,1.0,0.0,0.0,1.0,0.0,0.0,,245000000.0,16.0,2.0,3.0,15.0,,,,,,,,11.5,5.0,0.0,0.0,0.0,0.0,0.0,1.0,0.0,0.0,1.0,1.0,1.0,0.0,1.0,0.0,0.0,,5.0,,0.0,,,,,,,,0.0,1.0,
47-79-97-44,3e6881c9227e4a7592a9aa5d1f0d513a,292.0,Nairobi City,5,,1.0,0.0,0.0,1.0,0.0,0.0,0.0,0.0,0.0,0.0,0.0,0.0,0.0,,631900000.0,10.0,2.0,0.0,0.0,,,,,,,,12.0,100.0,0.0,0.0,0.0,0.0,0.0,1.0,0.0,0.0,0.0,0.0,0.0,0.0,0.0,0.0,0.0,,96.0,limited ability to pay,0.0,,,,,,,,0.0,4.0,
80-71-66-49,7a2802015848445092857779e83a7c7e,307.0,Nairobi City,5,,0.0,0.0,0.0,1.0,0.0,0.0,0.0,0.0,1.0,0.0,0.0,0.0,,,58668062.0,,3.0,4.0,25.0,0.0,0.0,0.0,0.0,0.0,0.0,,12.0,,0.0,0.0,0.0,0.0,0.0,,,,1.0,0.0,0.0,0.0,0.0,0.0,0.0,,6.0,,0.0,,,,,,,,0.0,,
31-19-98-25,e55e61ae611f480bbfc36111ecba2325,79.0,Kiambu,5,,1.0,1.0,1.0,1.0,0.0,1.0,1.0,1.0,1.0,0.0,1.0,0.0,0.0,,241864584.0,38.0,1.0,10.0,2.0,1.0,1.0,0.0,0.0,0.0,0.0,,12.0,,0.0,0.0,0.0,0.0,0.0,1.0,0.0,0.0,1.0,1.0,1.0,1.0,0.0,0.0,0.0,,3.0,,1.0,1.0,2.0,3.0,0.0,0.0,0.0,,0.0,4.0,
61-49-00-98,22c6291e16d149bcb9ea44be42551563,214.0,Nairobi City,5,,0.0,0.0,0.0,1.0,0.0,1.0,1.0,0.0,0.0,0.0,0.0,1.0,0.0,Construction of commercial properties,1348067969.0,10.0,1.0,0.0,16.0,,,,,,,,12.0,,0.0,0.0,0.0,0.0,0.0,1.0,0.0,0.0,1.0,1.0,1.0,1.0,0.0,0.0,1.0,Litigation,5.0,,0.0,,,,,,,,0.0,1.0,
29-67-38-85,6d5a742a910c485d8a998d04b6fdc2b7,4.0,Meru,5,,1.0,0.0,1.0,1.0,1.0,1.0,1.0,0.0,1.0,0.0,1.0,1.0,1.0,Renovations of the building,4003876627.44,36.0,2.0,27.0,12.0,1.0,1.0,0.0,1.0,0.0,0.0,,12.0,,0.0,0.0,0.0,0.0,0.0,0.0,1.0,0.0,1.0,1.0,1.0,0.0,1.0,0.0,0.0,,3.0,,1.0,0.0,0.0,1.0,2.0,3.0,0.0,,0.0,1.0,
51-90-70-82,52e3eaafff684487a02e128643794e32,206.0,Nairobi City,5,,0.0,0.0,0.0,1.0,0.0,1.0,1.0,0.0,0.0,0.0,0.0,0.0,0.0,,74759900.0,3.0,3.0,0.0,5.0,,,,,,,,12.0,,0.0,0.0,0.0,0.0,0.0,1.0,0.0,0.0,1.0,0.0,0.0,1.0,0.0,0.0,0.0,,3.0,,0.0,,,,,,,,0.0,1.0,
43-36-06-79,fac2fe3c90b740efa28932690c7da5fc,197.0,Nairobi City,5,,0.0,0.0,0.0,0.0,0.0,0.0,0.0,0.0,0.0,0.0,0.0,0.0,0.0,,333153118.0,,,0.0,0.0,,,,,,,,12.0,,0.0,0.0,0.0,0.0,0.0,0.0,1.0,0.0,0.0,0.0,0.0,0.0,0.0,0.0,0.0,,96.0,couldn't tell because they have only open loans,1.0,0.0,0.0,0.0,2.0,0.0,1.0,a member can only borrow triple a members savings.,1.0,96.0,check off loans don't have defaults
63-76-11-80,dd01100bd9aa409f997e4423e5e7e6a0,1.0,Marsabit,5,,0.0,0.0,0.0,0.0,0.0,0.0,0.0,0.0,0.0,0.0,0.0,1.0,,"developer loans- this means that it constitute all types of loans given for purchase of land, purchase and construction of residential and non-residential buildings in general. They don't allocate loans according for specific purposes",77959000.0,,3.0,0.0,0.0,,,,,,,,12.0,,0.0,0.0,0.0,0.0,0.0,1.0,0.0,0.0,0.0,0.0,0.0,0.0,0.0,0.0,0.0,,5.0,,1.0,0.0,0.0,1.0,0.0,0.0,0.0,,0.0,4.0,
28-58-37-25,1f150039c3594ea48437ffe571942a04,44.0,Mombasa,5,,1.0,1.0,1.0,1.0,0.0,1.0,1.0,0.0,1.0,0.0,1.0,1.0,0.0,Renovations Loan,2344011000.0,1.96,1.0,425.0,150.0,0.0,0.0,0.0,0.0,0.0,0.0,,12.0,2.0,0.0,0.0,0.0,0.0,0.0,0.0,0.0,1.0,1.0,0.0,0.0,0.0,0.0,0.0,0.0,,96.0,None,0.0,,,,,,,,0.0,1.0,
82-56-41-02,9de3214e5bc446f6aa8e7b3b187551f8,175.0,Nairobi City,5,,0.0,0.0,0.0,1.0,1.0,1.0,1.0,0.0,1.0,0.0,1.0,0.0,0.0,,2051000000.0,2.66,3.0,2.0,3.0,1.0,1.0,1.0,1.0,0.0,0.0,,12.0,,0.0,0.0,0.0,0.0,0.0,1.0,0.0,0.0,1.0,0.0,0.0,0.0,0.0,0.0,0.0,,3.0,,1.0,0.0,0.0,1.0,2.0,0.0,0.0,,0.0,5.0,
19-08-49-56,e47a70efb0134ad3ad671eeeee50d564,35.0,Nyeri,5,,1.0,0.0,1.0,1.0,0.0,1.0,1.0,0.0,1.0,0.0,0.0,0.0,0.0,,765495260.0,1.0,5.0,2.0,5.0,1.0,0.0,1.0,0.0,1.0,0.0,,12.0,1.0,0.0,0.0,0.0,0.0,0.0,1.0,0.0,0.0,1.0,1.0,1.0,0.0,0.0,1.0,1.0,Voluntary disposal,6.0,,1.0,1.0,2.0,3.0,0.0,0.0,0.0,,0.0,1.0,
08-01-97-65,f1ecb64a692a4abdba917c8813427043,323.0,Nairobi City,5,,0.0,0.0,0.0,1.0,1.0,1.0,1.0,0.0,0.0,0.0,0.0,0.0,,,205205144.0,,2.0,15.0,22.0,,,,,,,,12.0,,0.0,0.0,0.0,0.0,0.0,0.0,1.0,0.0,0.0,0.0,0.0,1.0,0.0,0.0,0.0,,96.0,limit due to members savings,1.0,0.0,0.0,0.0,1.0,0.0,0.0,,0.0,96.0,limit of the 1/3rd rule on salary
40-90-76-20,18b9a233dea4464ab51ecb9b5c83ba62,45.0,Mombasa,5,,1.0,1.0,1.0,1.0,0.0,1.0,0.0,0.0,0.0,0.0,1.0,0.0,0.0,,8743500.0,6.52,2.0,50.0,0.0,,,,,,,,12.0,2.0,0.0,0.0,0.0,0.0,0.0,1.0,0.0,0.0,1.0,1.0,0.0,0.0,0.0,0.0,0.0,,6.0,,0.0,,,,,,,,0.0,1.0,
14-23-28-99,5893396377134d25be1ffd37b4d05467,308.0,Nairobi City,5,,1.0,0.0,0.0,1.0,0.0,0.0,0.0,0.0,1.0,0.0,0.0,0.0,0.0,,955194604.0,3.0,1.0,0.0,0.0,1.0,1.0,1.0,1.0,0.0,0.0,,12.5,2.0,0.0,0.0,0.0,0.0,0.0,1.0,0.0,0.0,1.0,0.0,1.0,0.0,0.0,0.0,0.0,,3.0,,0.0,,,,,,,,1.0,1.0,
01-92-42-98,d6382e5dfa1e4036b141e0998e0eff03,132.0,Kakamega,5,,1.0,1.0,0.0,1.0,0.0,0.0,1.0,0.0,0.0,0.0,0.0,0.0,0.0,,360662863.0,,5.0,0.0,0.0,,,,,,,,12.5,,0.0,0.0,0.0,0.0,0.0,0.0,1.0,0.0,1.0,0.0,0.0,0.0,0.0,0.0,0.0,,1.0,,1.0,0.0,1.0,2.0,0.0,0.0,0.0,,1.0,1.0,
83-64-83-38,55b242b9cd98439d8199aad75c13926f,108.0,Laikipia,5,,1.0,1.0,1.0,1.0,0.0,1.0,1.0,1.0,1.0,0.0,0.0,0.0,0.0,,242000000.0,15.0,1.0,4.0,88.0,1.0,1.0,1.0,1.0,0.0,1.0,Processing fees,13.0,1.0,1.0,1.0,1.0,0.0,0.0,1.0,1.0,1.0,1.0,0.0,1.0,0.0,0.0,1.0,0.0,,3.0,,1.0,0.0,1.0,2.0,3.0,0.0,0.0,,0.0,5.0,
33-99-51-45,db0dc0ee097f49a79a2067e95ce41f52,111.0,Nakuru,5,,0.0,0.0,0.0,1.0,0.0,1.0,0.0,0.0,1.0,0.0,0.0,1.0,0.0,Commercial,6168408238.0,,3.0,0.0,0.0,1.0,1.0,0.0,1.0,0.0,0.0,,13.0,,0.0,0.0,0.0,0.0,0.0,0.0,0.0,1.0,0.0,1.0,0.0,0.0,0.0,0.0,0.0,,3.0,,1.0,0.0,1.0,0.0,2.0,3.0,0.0,,1.0,1.0,
11-03-12-55,9c01aaab2c8742be9281cb9f9d0da5e7,224.0,Nairobi City,5,,0.0,0.0,0.0,1.0,0.0,0.0,0.0,0.0,1.0,0.0,0.0,0.0,0.0,,404100000.0,19.3,2.0,1.0,10.0,0.0,0.0,0.0,0.0,0.0,0.0,,13.5,,0.0,0.0,0.0,0.0,0.0,1.0,0.0,0.0,1.0,1.0,0.0,1.0,0.0,0.0,0.0,,3.0,,0.0,,,,,,,,0.0,1.0,
32-16-57-97,b62c44fa0dbb42bf92241f5295b87905,211.0,Nairobi City,5,,0.0,0.0,0.0,1.0,1.0,1.0,1.0,0.0,1.0,0.0,0.0,0.0,,,11200000000.0,0.9,3.0,0.0,0.0,1.0,1.0,1.0,1.0,0.0,0.0,,14.0,,0.0,0.0,0.0,0.0,0.0,0.0,0.0,1.0,0.0,1.0,0.0,0.0,0.0,0.0,0.0,,3.0,,1.0,1.0,2.0,3.0,0.0,0.0,0.0,,0.0,1.0,
23-05-61-46,416d77cd0e534b5fb105dd5718535e73,74.0,Kiambu,5,,1.0,1.0,0.0,1.0,0.0,1.0,1.0,1.0,0.0,0.0,0.0,0.0,0.0,,4299000000.0,0.33,1.0,0.0,0.0,,,,,,,,14.0,,0.0,0.0,0.0,0.0,1.0,0.0,1.0,0.0,1.0,1.0,1.0,0.0,0.0,1.0,0.0,,3.0,,1.0,1.0,2.0,3.0,0.0,0.0,0.0,,0.0,1.0,
98-23-53-48,cc0dc807b66442c2894031835ea708b6,29.0,Nyandarua,5,,1.0,1.0,1.0,0.0,0.0,0.0,1.0,0.0,1.0,0.0,0.0,0.0,0.0,,17132809953.0,5.4,1.0,30.0,166.0,1.0,1.0,1.0,1.0,1.0,0.0,,14.0,,0.0,0.0,0.0,0.0,0.0,0.0,0.0,1.0,1.0,1.0,1.0,0.0,0.0,0.0,0.0,,5.0,,1.0,1.0,2.0,3.0,0.0,0.0,0.0,,1.0,1.0,
65-17-20-02,e3930efab8dc4ffaa140c7a741440861,203.0,Nairobi City,5,,0.0,0.0,0.0,1.0,1.0,1.0,1.0,0.0,1.0,0.0,0.0,0.0,0.0,,3866240355.0,,3.0,0.0,2.0,1.0,1.0,1.0,1.0,1.0,0.0,,14.04,,0.0,0.0,0.0,0.0,0.0,1.0,0.0,0.0,1.0,1.0,0.0,0.0,0.0,0.0,0.0,,2.0,,1.0,0.0,0.0,1.0,0.0,0.0,0.0,,0.0,1.0,
59-18-06-75,2a170075c6e54a83bd1151704f10f3a0,47.0,Mombasa,5,,0.0,0.0,0.0,1.0,1.0,1.0,1.0,1.0,0.0,0.0,1.0,0.0,0.0,,676180000.0,3.5,2.0,0.0,0.0,,,,,,,,14.5,10.0,0.0,0.0,0.0,0.0,0.0,1.0,0.0,0.0,1.0,0.0,1.0,1.0,0.0,0.0,0.0,,96.0,costly process of security perfection,1.0,1.0,0.0,3.0,2.0,0.0,0.0,,0.0,3.0,
09-14-53-81,4001ee27c70640a4adad1ce011eeac61,300.0,Nairobi City,5,,0.0,0.0,1.0,1.0,0.0,1.0,1.0,0.0,0.0,0.0,0.0,0.0,0.0,,142006312.0,25.0,3.0,0.0,0.0,,,,,,,,15.0,,0.0,0.0,0.0,0.0,0.0,1.0,0.0,0.0,1.0,0.0,1.0,1.0,0.0,0.0,0.0,,5.0,,1.0,1.0,0.0,0.0,2.0,0.0,3.0,Affordability,1.0,96.0,Auctioning can be a challenge sometimes
63-04-92-11,7083b9cedc22477a8771a254bfa99ec7,59.0,Kirinyaga,5,,1.0,0.0,0.0,1.0,0.0,0.0,0.0,0.0,0.0,0.0,0.0,0.0,,,4983795336.0,6.0,1.0,0.0,0.0,,,,,,,,,,0.0,0.0,0.0,0.0,0.0,1.0,0.0,0.0,1.0,1.0,0.0,0.0,0.0,0.0,0.0,,5.0,,1.0,1.0,2.0,3.0,0.0,0.0,0.0,,1.0,1.0,
11-54-46-19,f1e749b7589b456fa9f39c47b6b4e5f3,96.0,Uasin Gishu,5,,0.0,0.0,0.0,1.0,0.0,1.0,0.0,0.0,0.0,0.0,1.0,0.0,0.0,,625060922.0,9.0,1.0,0.0,0.0,,,,,,,,15.0,,0.0,0.0,0.0,0.0,0.0,1.0,0.0,0.0,1.0,0.0,0.0,1.0,0.0,0.0,1.0,Recover guarantors,96.0,Inability to repay by the borrowers,0.0,,,,,,,,0.0,4.0,
85-95-47-49,2ac9436aced64ec5b6f18b68e1c8e892,51.0,Mombasa,5,,0.0,0.0,0.0,1.0,0.0,0.0,0.0,0.0,0.0,0.0,0.0,0.0,0.0,,9676025.25,6.58,5.0,0.0,0.0,,,,,,,,,1.0,0.0,0.0,0.0,0.0,0.0,0.0,0.0,1.0,1.0,0.0,0.0,0.0,0.0,0.0,0.0,,96.0,for now they don't have that product,0.0,,,,,,,,0.0,1.0,
62-42-23-48,bd93144c7d414022a54d4c2384f330b8,81.0,Kiambu,5,,0.0,0.0,0.0,0.0,0.0,0.0,0.0,0.0,0.0,0.0,0.0,0.0,0.0,,379468976.0,,3.0,0.0,0.0,,,,,,,,,,0.0,0.0,0.0,0.0,0.0,1.0,0.0,0.0,0.0,0.0,0.0,0.0,0.0,0.0,0.0,,96.0,not applicable,0.0,,,,,,,,0.0,96.0,not applicable
91-33-52-29,55ebf6ebebb34e18b514e3ffad195818,326.0,Nairobi City,5,,1.0,1.0,0.0,1.0,1.0,1.0,1.0,0.0,0.0,0.0,1.0,0.0,,,153000000.0,,4.0,0.0,0.0,,,,,,,,,,0.0,0.0,0.0,0.0,0.0,1.0,0.0,0.0,1.0,0.0,1.0,1.0,0.0,0.0,0.0,,1.0,,1.0,1.0,0.0,2.0,0.0,0.0,0.0,,0.0,6.0,
72-79-49-14,c030db679c0a4924906a56418012c668,282.0,Nairobi City,5,insurance company,0.0,0.0,0.0,0.0,0.0,0.0,0.0,0.0,0.0,0.0,0.0,,,,,,,,,,,,,,,,,,,,,,,,,,,,,,,,,,,,,,,,,,,,,,
96-12-85-83,d0ccf42598a14142abac38a306023d27,18.0,Embu,5,Not Available.,0.0,0.0,0.0,0.0,0.0,0.0,0.0,0.0,0.0,0.0,0.0,0.0,0.0,,,,2.0,0.0,0.0,,,,,,,,,,0.0,0.0,0.0,0.0,0.0,1.0,0.0,0.0,0.0,0.0,0.0,0.0,0.0,0.0,0.0,,96.0,Not Available,0.0,,,,,,,,0.0,96.0,Loan  not Available.
60-19-95-43,3036837426a5469dbc4ba63ff7e3d3b7,154.0,NAIROBI CITY,1,,2.0,2.0,2.0,1.0,1.0,1.0,1.0,1.0,1.0,2.0,1.0,,,,18995000000.0,6.3,3.0,,,1.0,1.0,1.0,1.0,1.0,,,16.0,,0.0,1.0,1.0,1.0,1.0,1.0,0.0,0.0,1.0,1.0,1.0,1.0,1.0,2.0,,,5.0,,2.0,1.0,2.0,3.0,,,,,2.0,5.0,
58-93-48-71,d9cf1f283a5b470ca2e55a87b5a77b08,186.0,NAIROBI CITY,1,,1.0,1.0,1.0,1.0,1.0,1.0,1.0,1.0,1.0,2.0,1.0,,,,55530523361.0,7.71,3.0,,,1.0,1.0,1.0,1.0,1.0,,,18.0,,0.0,0.0,0.0,0.0,0.0,1.0,0.0,0.0,1.0,1.0,1.0,1.0,2.0,2.0,,,3.0,,2.0,,,,,,,,2.0,1.0,
64-89-19-98,15e93df882b74fad82e42b649f23cd4a,158.0,NAIROBI CITY,1,,,,,1.0,1.0,1.0,1.0,0.0,1.0,0.0,1.0,,,,2853364661.0,5.49,3.0,10.0,15.0,,,,,,,,15.93,1.0,0.0,0.0,0.0,1.0,1.0,0.0,1.0,0.0,1.0,1.0,1.0,1.0,0.0,0.0,,,3.0,,,,1.0,2.0,3.0,,,,2.0,1.0,
