interview__key,interview__id,c3_2__id,c3_1a,c3_1b__1,c3_1b__2,c3_1b__3,c3_1b__4,c3_1b__5,c3_1b__6,c3_2a,c3_2b,c3_2c,c3_3a,c3_3b,c3_4,c3_5a,c3_5b,c3_6a,c3_6a_Other,c3_6b,c3_7,c3_8a,c3_8b__1,c3_8b__2,c3_8b__3,c3_8b__4,c3_8b__5,c3_8b__6,c3_9__1,c3_9__2,c3_9__3,c3_9__4,c3_9__96,c3_9Other,c3_10,c3_11,c3_12,c3_13,c3_14,c3_15,c3_16,c3_17,c3_18,c3_18other,c3_19a,c3_19b,c3_19bother,c3_19c__1,c3_19c__2,c3_19c__3,c3_19c__4,c3_20a__1,c3_20a__2,c3_20a__3,c3_20a__4,c3_20a__5,c3_20a__6,c3_20a__7,c3_20a__8,c3_20a__9,c3_20a__10,c3_20a__11,c3_20a__12,c3_20b__1,c3_20b__2,c3_20b__3,c3_20b__4,c3_20b__5,c3_20b__6,c3_20b__7,c3_20b__8,c3_20b__9,c3_21__1,c3_21__2,c3_21__3,c3_21__4,c3_21__5,c3_21__6,c3_21__7,c3_21__8,c3_22a__1,c3_22a__2,c3_22a__3,c3_22a__4,c3_22a__5,c3_22a__6,c3_22b_1_1,c3_22b_2_1,c3_22b_1_2,c3_22b_2_2,c3_22b_1_3,c3_22b_2_3,c3_23__1,c3_23__2,c3_23__3,c3_23__4,c3_23__5,c3_23__6,c3_23__7,c3_23__8,c3_23__9,c3_23__10,c3_23__11,c3_23__12,c3_23__13,c3_23__14,c3_23__15,c3_24,c3_24other,c3_25__1,c3_25__2,c3_25__3,c3_25__4,c3_25__5,c3_25__96,c3_25other,c3_26a,c3_26other,c3_26b,c3_26b_other,c3_27__1,c3_27__2,c3_27__3,c3_27__4,c3_28a,c3_28b,c3_28c,c3_28d,c3_29a__1,c3_29a__2,c3_29a__3,c3_29a__4,c3_29a__5,c3_29a__6,c3_29a__7,c3_29a__8,c3_29a__9,c3_29a__10,c3_29a__11,c3_29a__12,c3_29a__96,c3_29a_1_1,c3_29a_1_3,c3_29a_1_4,c3_29a_1_7,c3_29a_1_8,c3_29a_1_9,c3_29a_1_11,c3_29a_1_12,c3_29a_1_96,c3_29b_r__id,c3_29b_1,c3_29b_2,c3_29b__1,c3_29b__2,c3_29b__3,c3_29b__4,c3_29b__5,c3_29b__6,c3_29b__7,c3_29b__8,c3_29b__9,c3_29b__96,c3_30b1,c3_30b2,c3_30b3,c3_30b4,c3_30b5,c3_30b6,c3_31a__1,c3_31a__2,c3_31a__3,c3_31a__4,c3_31a__5,c3_31a__6,c3_31b__1,c3_31b__2,c3_31c,c3_31d__1,c3_31d__2,c3_31d__3,c3_31d__4,c3_31d__5,c3_31d__96,c3_32__1,c3_32__2,c3_32__3,c3_32__4,c3_32__5,c3_32__6,c3_32__7,c3_32__8,c3_32__9,c3_32__10,c3_32__11,c3_32__12,c3_32__13,c3_32__14,c3_32__15,c3_32__16,c3_32__17,c3_32__18,c3_32__19,c3_32__20,c3_32__21,c3_32__22,c3_32__23,c3_32__24,c3_32__25,c3_32__26
04-00-76-26,302b18584c5642fa9673a3851fa53f0f,0,Ladera Place Ngong,0,0,0,0,1,0,Kajiado,3,Ladera,Freehold,,Private,No,,Self,,Local,New,Private company- local,,,,,,,0.0,0.0,1.0,0.0,0.0,,05 2022,90.0,08 2024,Residential,CERAMIC TILES,CEMENT,CERAMIC TILES,Outside the county of the project,,,No,,,1.0,0.0,1.0,0.0,1,1,0,1,1,1,1,1,1,1,1,0,1.0,0.0,1.0,1.0,1.0,0.0,0.0,1.0,0.0,1,0,1,1,0,0,0,0,1,1,1,1,0,1,3.0,1200000.0,4.0,60000.0,2.0,50000.0,1,1,0,1,1,0,0,0,1,1,0,0,1,1,1,TUBE WELL OR BOREHOLE(OWNED),,1,0.0,1.0,1.0,0.0,0.0,,Septic Tank,,COLLECTED BY COUNTY GOVERNMENT,,1,1,0,1,"No, I did not apply for any loan",,,,0.0,0.0,0.0,1.0,0.0,0.0,0.0,0.0,0.0,0.0,0.0,0.0,0.0,,,200000000.0,,,,,,,,,,,,,,,,,,,,40.0,20.0,25.0,15.0,7.0,4.0,0.0,0.0,0.0,0.0,1.0,0.0,,,Both,1.0,1.0,0.0,0.0,0.0,0.0,0.0,0.0,0.0,0.0,0.0,0.0,0.0,0.0,0.0,0.0,0.0,0.0,0.0,0.0,0.0,0.0,0.0,1.0,0.0,0.0,0.0,0.0,0.0,0.0,0.0,0.0
08-36-61-10,f4bdb167c7ff44e49c60f351e851e3e1,0,Freedom heights,0,1,0,0,0,0,Nairobi City,6,Lang'ata,Leasehold,,Private,Yes,Commercial to residential,Other Specify,Alexander Lloyd,,New,Private company- local,,,,,,,1.0,1.0,0.0,1.0,0.0,,01 2014,100.0,02 2019,Mixed Use,CERAMIC TILES,STONE WITH LIME/CEMENT,CEMENT,Within the county of the project,,,No,,,0.0,1.0,0.0,0.0,0,0,0,0,0,0,0,1,1,0,0,0,1.0,0.0,0.0,1.0,0.0,0.0,0.0,0.0,0.0,1,1,0,1,0,1,0,0,1,1,1,1,1,1,,,,,,,1,1,1,1,1,1,1,1,0,0,1,1,1,1,1,TUBE WELL OR BOREHOLE(OWNED),,1,0.0,1.0,1.0,0.0,0.0,,Main Sewer,,COLLECTED BY PRIVATE COMPANY,,1,1,1,1,"No, I did not apply for any loan",,,,0.0,0.0,0.0,0.0,0.0,0.0,0.0,0.0,0.0,0.0,0.0,1.0,1.0,,,,,,,,,,,,,,,,,,,,,,,,,,,,,0.0,1.0,0.0,0.0,0.0,0.0,,,One go,,,,,,,0.0,0.0,0.0,0.0,0.0,0.0,0.0,0.0,0.0,0.0,0.0,1.0,1.0,1.0,0.0,0.0,0.0,0.0,0.0,0.0,0.0,0.0,0.0,0.0,0.0,0.0
08-36-61-10,f4bdb167c7ff44e49c60f351e851e3e1,1,Naserian villa oloolua,0,0,1,0,0,0,Nairobi City,1,Oloolua ridge,Leasehold,,Private,Yes,Agricultural to residential,Other Specify,Alexander Lloyd,,New,Individual- resident,,,,,,,1.0,1.0,0.0,1.0,0.0,,##N/A##,100.0,11 2021,Residential,Other (Specify),STONE WITH LIME/CEMENT,CEMENT,Outside the county of the project,,,No,,,0.0,1.0,0.0,0.0,0,0,0,0,0,0,0,1,0,0,0,0,1.0,0.0,0.0,1.0,0.0,0.0,0.0,0.0,0.0,0,1,0,1,0,0,0,1,1,1,1,1,1,1,,,,,,,1,1,0,1,1,1,0,1,0,0,1,1,1,1,1,TUBE WELL OR BOREHOLE(OWNED),,1,0.0,1.0,1.0,0.0,0.0,,Bio digester,,COLLECTED BY PRIVATE COMPANY,,1,1,0,1,"No, I did not apply for any loan",,,,0.0,0.0,0.0,0.0,0.0,0.0,0.0,0.0,0.0,0.0,0.0,1.0,1.0,,,,,,,,,,,,,,,,,,,,,,,,,,,,,0.0,0.0,1.0,0.0,0.0,0.0,,,One go,,,,,,,0.0,0.0,0.0,0.0,0.0,0.0,0.0,1.0,0.0,0.0,0.0,0.0,0.0,0.0,0.0,0.0,0.0,0.0,0.0,0.0,0.0,0.0,0.0,0.0,0.0,0.0
10-65-92-18,9cf81596caff45b483eb30958838ab13,0,Ruaka heights,0,1,0,0,0,0,Kiambu,6,kiambaa,Leasehold,87.0,Private,No,,Other Specify,canton enterprise limited,,New,Individual- resident,,,,,,,0.0,0.0,0.0,1.0,0.0,,08 2022,30.0,08 2025,Residential,CERAMIC TILES,STONE WITH LIME/CEMENT,CEMENT,Outside the county of the project,,,Yes,EDGE,,,,,,1,1,0,1,1,1,1,1,0,1,0,0,1.0,1.0,1.0,1.0,1.0,1.0,1.0,1.0,0.0,1,1,0,1,0,1,0,1,1,1,1,0,0,0,1.0,15000.0,1.0,0.0,1.0,20000.0,1,1,0,1,1,0,1,1,1,0,1,0,1,0,1,TUBE WELL OR BOREHOLE(OWNED),,1,0.0,0.0,0.0,0.0,0.0,,Main Sewer,,COLLECTED BY COUNTY GOVERNMENT,,1,1,1,1,"Yes, I sought to get loan",Yes,,Commercial/Microfinance Bank,,,,,,,,,,,,,,,,,,,,,,,,,,,,,,,,,,,,45.0,15.0,10.0,10.0,6.0,4.0,0.0,1.0,0.0,0.0,0.0,0.0,,,In phases,1.0,0.0,0.0,0.0,0.0,0.0,0.0,0.0,0.0,0.0,0.0,0.0,0.0,0.0,0.0,1.0,1.0,1.0,1.0,0.0,0.0,0.0,0.0,0.0,0.0,0.0,0.0,0.0,0.0,0.0,0.0,0.0
15-06-32-77,54f66c614e2e4d949e6f648c48fff697,0,Phenom Park - Sibiloi,0,1,0,0,0,0,Nairobi City,6,Langata - Phenom Park Estate,Leasehold,70.0,Private,No,,Other Specify,Contracted a local contractor.,,New,Individual- resident,,,,,,,0.0,0.0,0.0,1.0,0.0,,03 2019,100.0,02 2020,Residential,CERAMIC TILES,STONE WITH LIME/CEMENT,ROOFING SHINGLES,Within the county of the project,,,No,,,0.0,0.0,0.0,1.0,0,0,0,0,0,0,0,0,0,0,0,0,,,,,,,,,,0,1,0,1,0,0,0,0,1,1,1,1,1,1,1.0,40000.0,2.0,100000.0,1.0,1830000.0,1,1,0,0,1,1,0,0,0,0,1,1,1,1,1,WATER SERVICE PROVIDER,,1,0.0,0.0,0.0,0.0,0.0,,Main Sewer,,COLLECTED BY PRIVATE COMPANY,,0,0,0,0,,,,,,,,,,,,,,,,,,,,,,,,,,,,,,,,,,,,,,,,,,,,,,0.0,1.0,0.0,0.0,0.0,0.0,,,In phases,1.0,0.0,0.0,0.0,0.0,0.0,0.0,0.0,0.0,0.0,0.0,0.0,0.0,0.0,0.0,0.0,1.0,0.0,0.0,0.0,0.0,0.0,0.0,0.0,0.0,0.0,0.0,0.0,0.0,0.0,0.0,0.0
15-06-32-77,54f66c614e2e4d949e6f648c48fff697,1,Phenom Estate - Unit 199,0,0,0,0,1,0,Nairobi City,6,Langata - Phenom Estate,Leasehold,70.0,Private,No,,Other Specify,Local Contractor,,New,Individual- resident,,,,,,,0.0,0.0,0.0,1.0,0.0,,03 2022,100.0,09 2022,Residential,CERAMIC TILES,STONE WITH LIME/CEMENT,ROOFING SHINGLES,Within the county of the project,,,No,,,0.0,0.0,0.0,1.0,0,0,0,0,0,0,0,0,0,0,0,0,,,,,,,,,,0,1,0,1,0,0,0,0,1,1,1,1,1,1,1.0,5000.0,1.0,5000.0,1.0,51924.0,1,1,0,1,1,1,0,0,0,0,1,1,1,1,1,WATER SERVICE PROVIDER,,1,0.0,0.0,0.0,0.0,0.0,,Main Sewer,,COLLECTED BY PRIVATE COMPANY,,0,0,0,0,,,,,,,,,,,,,,,,,,,,,,,,,,,,,,,,,,,,,,,,,,,,,,0.0,0.0,1.0,0.0,0.0,0.0,,,One go,,,,,,,0.0,0.0,0.0,0.0,0.0,0.0,0.0,0.0,0.0,0.0,0.0,0.0,0.0,0.0,0.0,0.0,1.0,0.0,0.0,0.0,0.0,0.0,0.0,0.0,0.0,0.0
15-43-50-35,7e0a67e033a343efb59f979cfb8e5ba1,0,Divine Residences,0,1,0,0,0,0,Nairobi City,11,Riverside,Leasehold,26.0,Private,Yes,Residential  Single-Dwelling To Multi-Dwelling,Other Specify,Itqan construction ltd,,New,Self,1.0,1.0,0.0,0.0,1.0,0.0,0.0,0.0,0.0,1.0,0.0,,06 2017,75.0,12 2024,Residential,CERAMIC TILES,STONE WITH LIME/CEMENT,CEMENT,Within the county of the project,,,No,,,0.0,0.0,0.0,1.0,0,1,0,0,0,0,0,0,1,0,0,0,0.0,0.0,0.0,0.0,0.0,0.0,0.0,1.0,1.0,1,0,0,1,0,0,0,1,1,1,1,1,1,1,0.0,90000.0,0.0,100000.0,0.0,300000.0,1,1,0,1,1,1,0,1,1,0,1,1,1,1,1,TUBE WELL OR BOREHOLE(OWNED),,1,0.0,1.0,0.0,0.0,0.0,,Main Sewer,,COLLECTED BY PRIVATE COMPANY,,1,1,1,1,"Yes, I sought to get loan",Yes,,Commercial/Microfinance Bank,,,,,,,,,,,,,,,,,,,,,,,,,,,,,,,,,,,,70.0,0.0,20.0,2.0,3.0,5.0,0.0,1.0,0.0,0.0,0.0,0.0,,,In phases,0.0,0.0,0.0,0.0,0.0,1.0,0.0,0.0,0.0,0.0,0.0,0.0,0.0,0.0,0.0,0.0,1.0,1.0,0.0,0.0,0.0,0.0,0.0,0.0,0.0,0.0,0.0,0.0,0.0,0.0,0.0,0.0
15-43-50-35,7e0a67e033a343efb59f979cfb8e5ba1,1,Wilma Towers,0,1,0,0,0,0,Nairobi City,1,kilimani,Freehold,,Private,Yes,Residential  Single-Dwelling To Multi-Dwelling,Other Specify,Itqan construction company,,New,Self,1.0,1.0,0.0,0.0,1.0,0.0,0.0,0.0,0.0,1.0,0.0,,10 2019,90.0,07 2024,Residential,CERAMIC TILES,STONE WITH LIME/CEMENT,CEMENT,Within the county of the project,,,No,,,0.0,0.0,0.0,1.0,0,1,0,0,0,0,0,0,1,0,0,0,0.0,0.0,0.0,0.0,0.0,0.0,0.0,1.0,0.0,1,0,0,1,0,0,0,1,1,1,1,1,1,1,0.0,90000.0,0.0,100000.0,0.0,300000.0,1,1,0,1,1,1,0,1,0,0,1,1,1,1,1,WATER SERVICE PROVIDER,,1,0.0,1.0,0.0,0.0,0.0,,Main Sewer,,COLLECTED BY PRIVATE COMPANY,,1,1,1,1,"No, I did not apply for any loan",,,,0.0,0.0,0.0,0.0,0.0,0.0,1.0,1.0,1.0,0.0,0.0,0.0,0.0,,,,225000000.0,262500000.0,262500000.0,,,,,,,,,,,,,,,,,70.0,0.0,0.0,2.0,3.0,5.0,0.0,1.0,0.0,0.0,0.0,0.0,,,One go,,,,,,,0.0,0.0,0.0,0.0,0.0,0.0,0.0,0.0,0.0,1.0,1.0,1.0,0.0,0.0,0.0,0.0,0.0,0.0,0.0,0.0,0.0,0.0,0.0,0.0,0.0,0.0
15-43-50-35,7e0a67e033a343efb59f979cfb8e5ba1,2,Symphony Residences,0,1,0,0,0,0,Nairobi City,1,Riara,Freehold,,Private,Yes,Residential  Single-Dwelling To Multi-Dwelling,Other Specify,Itqan construction company,,New,Self,1.0,1.0,0.0,0.0,1.0,0.0,0.0,,0.0,1.0,0.0,,05 2023,10.0,04 2027,Residential,CERAMIC TILES,STONE WITH LIME/CEMENT,CEMENT,Within the county of the project,,,No,,,0.0,0.0,0.0,1.0,0,0,0,0,0,0,0,0,1,0,0,0,0.0,0.0,0.0,0.0,0.0,0.0,0.0,1.0,0.0,1,1,0,1,0,0,0,1,1,1,1,1,1,1,0.0,90000.0,0.0,100000.0,0.0,20000.0,1,1,0,1,1,1,0,1,0,0,1,1,1,1,1,WATER SERVICE PROVIDER,,1,0.0,1.0,0.0,0.0,0.0,,Main Sewer,,COLLECTED BY PRIVATE COMPANY,,1,1,1,1,"No, I did not apply for any loan",,,,0.0,0.0,0.0,0.0,0.0,0.0,1.0,1.0,1.0,0.0,0.0,0.0,0.0,,,,330000000.0,660000000.0,660000000.0,,,,,,,,,,,,,,,,,70.0,0.0,20.0,2.0,3.0,5.0,0.0,1.0,0.0,0.0,0.0,0.0,,,In phases,0.0,0.0,0.0,0.0,1.0,1.0,0.0,0.0,0.0,0.0,0.0,0.0,0.0,0.0,0.0,1.0,1.0,1.0,1.0,0.0,0.0,0.0,0.0,0.0,0.0,0.0,0.0,0.0,0.0,0.0,0.0,0.0
16-90-46-69,f644e9acf2114a6a8f9c4201a78c8860,0,Avana residences,0,1,0,0,0,0,Nairobi City,1,Riara road,Leasehold,0.0,Private,Yes,Residential  Single-Dwelling To Multi-Dwelling,Self,,Local,New,Private company- local,,,,,,,0.0,0.0,1.0,0.0,0.0,,##N/A##,,##N/A##,Residential,CERAMIC TILES,STONE WITH LIME/CEMENT,CEMENT,Imported,Customer preference,,No,,,0.0,0.0,1.0,0.0,0,0,0,0,0,0,0,0,0,0,0,1,1.0,0.0,0.0,0.0,0.0,0.0,0.0,0.0,0.0,0,1,0,0,0,0,0,0,1,1,1,1,1,1,2.0,250000.0,2.0,150000.0,6.0,3500000.0,1,1,0,0,1,1,1,1,1,1,1,1,1,1,1,DUG WELL(PROTECTED WELL),,1,1.0,1.0,1.0,0.0,0.0,,Main Sewer,,COLLECTED BY COUNTY GOVERNMENT,,1,1,1,1,"Yes, I sought to get loan",Yes,,Commercial/Microfinance Bank,,,,,,,,,,,,,,,,,,,,,,,,,,,,,,,,,,,,,,,,,,0.0,1.0,0.0,0.0,0.0,0.0,,,In phases,1.0,0.0,0.0,0.0,0.0,0.0,0.0,0.0,0.0,0.0,0.0,0.0,0.0,0.0,0.0,0.0,0.0,1.0,0.0,0.0,0.0,0.0,0.0,0.0,0.0,0.0,0.0,0.0,0.0,0.0,0.0,0.0
16-90-46-69,f644e9acf2114a6a8f9c4201a78c8860,1,Alkira residences,0,1,0,0,0,0,Nairobi City,6,lavington,Leasehold,,Private,Yes,Residential  Single-Dwelling To Multi-Dwelling,Self,,Local,New,Private company- local,,,,,,,0.0,0.0,1.0,0.0,0.0,,##N/A##,,##N/A##,Residential,CERAMIC TILES,STONE WITH LIME/CEMENT,CEMENT,Imported,Customer preference,,No,,,0.0,0.0,1.0,0.0,0,0,0,0,0,0,0,0,0,0,0,1,1.0,0.0,0.0,0.0,0.0,0.0,0.0,0.0,0.0,0,0,1,0,0,0,0,0,1,1,1,1,1,1,2.0,250000.0,2.0,150000.0,6.0,3500000.0,1,1,0,0,1,1,1,1,1,1,1,0,1,1,1,DUG WELL(PROTECTED WELL),,1,1.0,1.0,1.0,0.0,0.0,,Main Sewer,,COLLECTED BY COUNTY GOVERNMENT,,1,1,1,1,"Yes, I sought to get loan",Yes,,Commercial/Microfinance Bank,,,,,,,,,,,,,,,,,,,,,,,,,,,,,,,,,,,,,,,,,,0.0,1.0,0.0,0.0,0.0,0.0,,,In phases,1.0,0.0,0.0,0.0,0.0,0.0,0.0,0.0,0.0,0.0,0.0,0.0,0.0,0.0,0.0,0.0,0.0,0.0,1.0,0.0,0.0,0.0,0.0,0.0,0.0,0.0,0.0,0.0,0.0,0.0,0.0,0.0
16-90-46-69,f644e9acf2114a6a8f9c4201a78c8860,2,parallel A,0,1,0,0,0,0,Nairobi City,7,madaraka,Leasehold,,Private,Yes,Residential  Single-Dwelling To Multi-Dwelling,Self,,Local,New,Faith Based Organizations,,,,,,,0.0,1.0,0.0,0.0,0.0,,##N/A##,,##N/A##,Mixed Use,CERAMIC TILES,STONE WITH LIME/CEMENT,CEMENT,Imported,Cheaper to import/cost cutting,,No,,,0.0,0.0,1.0,0.0,0,0,0,0,0,0,0,0,0,0,0,0,,,,,,,,,,0,0,1,0,0,0,0,0,1,1,1,1,1,1,2.0,250000.0,2.0,150000.0,6.0,3500000.0,1,1,0,0,1,1,1,1,1,1,1,1,1,1,1,DUG WELL(PROTECTED WELL),,1,1.0,1.0,1.0,0.0,0.0,,Main Sewer,,COLLECTED BY COUNTY GOVERNMENT,,1,1,1,1,"Yes, I sought to get loan",Yes,,Commercial/Microfinance Bank,,,,,,,,,,,,,,,,,,,,,,,,,,,,,,,,,,,,,,,,,,0.0,1.0,0.0,0.0,0.0,0.0,,,In phases,1.0,0.0,0.0,0.0,0.0,0.0,,,,,,,,,1.0,,,,,,,,,,,,,,,,,
19-42-76-56,bb62e4c1716e4d96844734d774a2a304,0,Bomet Savannah,0,1,0,0,0,0,Bomet,5,Ririk,Freehold,,Private,No,,Self,,Local,New,Individual- resident,,,,,,,0.0,0.0,1.0,0.0,0.0,,03 2020,100.0,08 2021,Residential,CERAMIC TILES,BRICKS,IRON SHEETS/METAL,Outside the county of the project,,,No,,,0.0,0.0,0.0,1.0,0,0,0,0,0,0,0,0,0,0,0,0,,,,,,,,,,1,0,0,1,0,0,0,1,1,0,1,1,1,0,1.0,5500.0,0.0,0.0,1.0,280000.0,1,1,0,1,1,0,1,1,1,0,1,0,1,1,1,WATER SERVICE PROVIDER,,1,0.0,0.0,0.0,0.0,0.0,,Cess Pool,,COLLECTED BY COUNTY GOVERNMENT,,0,0,0,0,"Yes, I sought to get loan",Yes,,Commercial/Microfinance Bank,,,,,,,,,,,,,,,,,,,,,,,,,,,,,,,,,,,,70.0,20.0,10.0,8.0,25.0,30.0,0.0,1.0,0.0,0.0,0.0,0.0,,,One go,,,,,,,0.0,0.0,0.0,0.0,0.0,0.0,0.0,0.0,0.0,1.0,1.0,1.0,0.0,0.0,0.0,0.0,0.0,0.0,0.0,0.0,0.0,0.0,0.0,0.0,0.0,0.0
24-31-74-21,9dc2fbddcfcd4cee8901f6254dbdac0c,0,Green Village Residences,0,0,1,0,0,0,Uasin Gishu,1,Kapsoya,Leasehold,50.0,Private,No,,Self,,Local,New,Private company- local,,,,,,,1.0,1.0,1.0,0.0,0.0,,04 2019,100.0,12 2023,Residential,Other (Specify),STONE WITH LIME/CEMENT,ROOFING SHINGLES,Within the county of the project,,,No,,,1.0,0.0,0.0,0.0,0,1,0,0,0,1,1,1,1,1,0,0,1.0,0.0,0.0,0.0,0.0,0.0,0.0,1.0,0.0,0,1,1,1,0,0,0,1,1,0,1,0,0,0,1.0,500000.0,18.0,5000000.0,12.0,4000000.0,1,1,0,1,1,0,1,1,0,0,1,0,1,1,1,WATER SERVICE PROVIDER,,1,0.0,0.0,1.0,0.0,0.0,,Main Sewer,,COLLECTED BY PRIVATE COMPANY,,1,0,0,0,"Yes, I sought to get loan",Yes,,Commercial/Microfinance Bank,,,,,,,,,,,,,,,,,,,,,,,,,,,,,,,,,,,,86.54,1.2,9.62,2.4,0.0,0.24,0.0,0.0,1.0,0.0,0.0,0.0,,,One go,,,,,,,0.0,0.0,0.0,0.0,0.0,0.0,0.0,1.0,0.0,0.0,0.0,0.0,0.0,0.0,0.0,0.0,0.0,0.0,0.0,0.0,0.0,0.0,0.0,0.0,0.0,0.0
24-67-17-85,7147096fd07f41fc9666add9ca5a2307,0,NOVA Apartments,0,1,0,0,0,0,Nairobi City,11,Muthangari Drive,Freehold,,Private,No,,Self,,Local,New,Private company- local,,,,,,,0.0,0.0,1.0,0.0,0.0,,04 2016,100.0,10 2018,Mixed Use,CERAMIC TILES,STONE WITH LIME/CEMENT,CEMENT,Within the county of the project,,,No,,,0.0,0.0,0.0,1.0,1,0,0,0,0,1,0,0,1,0,0,0,1.0,1.0,0.0,1.0,1.0,0.0,0.0,1.0,0.0,1,1,1,1,1,1,1,1,1,1,1,1,1,0,1.0,500000.0,3.0,1600000.0,1.0,100000.0,1,1,0,1,1,1,0,1,0,0,0,1,1,1,1,TUBE WELL OR BOREHOLE(OWNED),,1,0.0,1.0,1.0,0.0,0.0,,Main Sewer,,Don't Know,,1,1,1,1,"No, I did not apply for any loan",,,,0.0,0.0,0.0,0.0,0.0,0.0,1.0,0.0,0.0,0.0,0.0,0.0,0.0,,,,300000000.0,,,,,,,,,,,,,,,,,,,45.0,10.0,40.0,2.0,2.0,1.0,0.0,1.0,0.0,0.0,0.0,0.0,,,One go,,,,,,,0.0,0.0,0.0,0.0,0.0,0.0,0.0,0.0,0.0,0.0,0.0,0.0,0.0,0.0,0.0,0.0,0.0,0.0,0.0,0.0,0.0,0.0,0.0,0.0,0.0,0.0
24-67-17-85,7147096fd07f41fc9666add9ca5a2307,1,Enaki Residential Housing,1,0,0,0,0,0,Nairobi City,11,Redhill,Freehold,,Private,No,,Self,,Local,New,Private company- local,,,,,,,0.0,0.0,1.0,0.0,0.0,,07 2021,80.0,10 2024,Residential,CERAMIC TILES,STONE WITH LIME/CEMENT,CEMENT,Within the county of the project,,,No,,,0.0,0.0,0.0,1.0,1,1,1,1,1,1,0,0,0,0,0,0,1.0,1.0,0.0,1.0,1.0,0.0,0.0,1.0,0.0,1,1,1,1,1,1,1,1,1,1,1,1,1,1,1.0,100000.0,3.0,1500000.0,1.0,150000.0,1,1,0,1,0,1,0,1,0,0,1,0,1,1,1,TUBE WELL OR BOREHOLE(OWNED),,1,0.0,1.0,1.0,0.0,0.0,,Main Sewer,,Don't Know,,1,1,1,1,"No, I did not apply for any loan",,,,0.0,0.0,0.0,0.0,0.0,0.0,1.0,0.0,0.0,0.0,0.0,0.0,0.0,,,,300000000.0,,,,,,,,,,,,,,,,,,,45.0,10.0,40.0,2.0,2.0,1.0,0.0,1.0,0.0,0.0,0.0,0.0,,,In phases,1.0,1.0,1.0,0.0,0.0,0.0,0.0,0.0,0.0,0.0,0.0,0.0,0.0,0.0,0.0,0.0,0.0,0.0,0.0,0.0,0.0,0.0,0.0,0.0,0.0,0.0,0.0,0.0,0.0,0.0,0.0,0.0
24-67-17-85,7147096fd07f41fc9666add9ca5a2307,2,Grevillea Residential Houses,0,0,1,0,0,0,Nairobi City,11,Grevillea Ground,Freehold,,Private,No,,Self,,Local,New,Private company- local,,,,,,,0.0,0.0,1.0,0.0,0.0,,09 2023,30.0,02 2025,Residential,CERAMIC TILES,STONE WITH LIME/CEMENT,CEMENT,Within the county of the project,,,No,,,0.0,0.0,0.0,1.0,1,0,0,0,0,1,0,0,1,1,0,0,1.0,1.0,0.0,1.0,1.0,0.0,0.0,1.0,0.0,1,1,1,1,1,1,1,1,1,1,1,1,1,1,1.0,150000.0,3.0,1500000.0,1.0,150000.0,1,1,0,1,0,1,0,1,0,0,1,0,1,1,1,TUBE WELL OR BOREHOLE(OWNED),,1,0.0,1.0,1.0,0.0,0.0,,Main Sewer,,Don't Know,,1,1,1,1,"No, I did not apply for any loan",,,,0.0,0.0,0.0,0.0,0.0,0.0,1.0,0.0,0.0,0.0,0.0,0.0,0.0,,,,300000000.0,,,,,,,,,,,,,,,,,,,45.0,10.0,40.0,2.0,2.0,1.0,0.0,0.0,1.0,0.0,0.0,0.0,,,One go,,,,,,,0.0,0.0,0.0,0.0,0.0,0.0,0.0,0.0,0.0,0.0,0.0,0.0,0.0,0.0,0.0,0.0,0.0,0.0,0.0,0.0,0.0,0.0,0.0,0.0,0.0,0.0
28-22-93-67,77dabaa94a96468fa87ffb16d02032df,0,Migaa Renovations,0,0,1,0,0,0,Kiambu,7,Migaa,Freehold,,Private,No,,Self,,Local,Alterations,,,,,,,,,,,,,,10 2023,100.0,12 2023,Residential,PARQUET OR POLISHED WOOD,STONE WITH LIME/CEMENT,IRON SHEETS/METAL,Within the county of the project,,,No,,,0.0,0.0,0.0,1.0,0,0,0,0,0,0,0,0,0,0,0,0,,,,,,,,,,0,1,0,1,0,0,0,0,1,1,0,0,1,1,0.0,0.0,0.0,0.0,0.0,0.0,1,1,0,0,1,1,1,1,0,0,1,0,1,0,1,TUBE WELL OR BOREHOLE(COMMUNITY),,1,0.0,0.0,0.0,0.0,,,Main Sewer,,COLLECTED BY COUNTY GOVERNMENT,,1,0,0,0,"No, I did not apply for any loan",,,,0.0,0.0,0.0,1.0,0.0,0.0,0.0,0.0,0.0,0.0,0.0,0.0,0.0,,,600000.0,,,,,,,,,,,,,,,,,,,,60.0,10.0,20.0,7.0,0.0,0.0,1.0,0.0,1.0,0.0,0.0,0.0,,,One go,,,,,,,,,,,,,1.0,,,,,,,,,,,,,,,,,,,
28-22-93-67,77dabaa94a96468fa87ffb16d02032df,1,Repairs in Karen,0,0,1,0,0,0,Nairobi City,6,Karen,Freehold,,Private,No,,Self,,Local,Alterations,,,,,,,,,,,,,,11 2023,100.0,11 2023,Residential,CERAMIC TILES,STONE WITH LIME/CEMENT,IRON SHEETS/METAL,Within the county of the project,,,No,,,0.0,0.0,0.0,1.0,0,0,0,0,0,0,0,0,0,0,0,0,,,,,,,,,,1,1,0,1,0,0,0,0,1,1,1,1,1,1,0.0,0.0,0.0,0.0,0.0,0.0,1,1,0,0,1,1,1,1,0,0,1,0,1,0,1,TUBE WELL OR BOREHOLE(COMMUNITY),,1,,,,,,,Septic Tank,,COLLECTED BY COUNTY GOVERNMENT,,0,1,0,0,"No, I did not apply for any loan",,,,0.0,0.0,0.0,1.0,0.0,0.0,0.0,0.0,0.0,0.0,0.0,0.0,0.0,,,100000.0,,,,,,,,,,,,,,,,,,,,60.0,10.0,20.0,3.0,7.0,0.0,0.0,0.0,1.0,0.0,0.0,0.0,,,One go,,,,,,,,,,,,,,1.0,,,,,,,,,,,,,,,,,,
29-08-61-84,267446f082b048b4bd63903ba25afdae,0,KONZA furnished apartments,0,1,0,0,0,0,Makueni,8,konza,Leasehold,,,No,,Other Specify,BOMI,,New,Government,,,,,,,1.0,,,,,,01 2020,90.0,01 2024,Residential,CERAMIC TILES,STONE WITH LIME/CEMENT,Other (Specify),Outside the county of the project,,,Yes,LEED,,,,,,0,0,1,0,1,1,0,0,0,0,0,0,1.0,1.0,1.0,1.0,0.0,0.0,0.0,0.0,0.0,1,1,1,1,0,1,1,1,1,1,1,1,1,1,3.0,,1.0,,12.0,,1,1,0,1,1,1,1,1,0,0,1,1,1,1,1,SURFACE WATER (RIVER/DAM/LAKE/POND/STREAM/CANAL/IRRIGATION CHANNEL),,1,0.0,1.0,1.0,0.0,0.0,,Main Sewer,,COLLECTED BY PRIVATE COMPANY,,1,1,0,1,"No, I did not apply for any loan",,,,0.0,0.0,1.0,0.0,0.0,0.0,0.0,0.0,0.0,0.0,0.0,0.0,0.0,,,,,,,,,,,,,,,,,,,,,,,,,,,,,0.0,1.0,0.0,0.0,0.0,0.0,,,In phases,1.0,0.0,0.0,0.0,0.0,0.0,0.0,0.0,0.0,0.0,0.0,0.0,0.0,0.0,0.0,1.0,1.0,1.0,0.0,0.0,0.0,0.0,0.0,0.0,0.0,0.0,0.0,0.0,0.0,0.0,0.0,0.0
29-08-61-84,267446f082b048b4bd63903ba25afdae,1,KAIST Faculty Accomodation,0,1,0,0,0,0,Makueni,8,konza,,,,No,,Other Specify,ICM,,New,Government,,,,,,,0.0,1.0,0.0,0.0,0.0,,01 2019,60.0,01 2024,Residential,CERAMIC TILES,STONE WITH LIME/CEMENT,Other (Specify),Outside the county of the project,,,Yes,LEED,,,,,,0,0,1,0,1,1,0,0,0,0,0,0,1.0,1.0,1.0,1.0,0.0,0.0,0.0,0.0,0.0,1,1,1,1,0,1,1,1,1,1,1,1,1,1,3.0,,1.0,,12.0,,1,1,0,1,1,1,1,1,0,0,1,1,1,1,1,SURFACE WATER (RIVER/DAM/LAKE/POND/STREAM/CANAL/IRRIGATION CHANNEL),,1,0.0,1.0,1.0,0.0,0.0,,Main Sewer,,COLLECTED BY PRIVATE COMPANY,,1,1,0,1,"No, I did not apply for any loan",,,,0.0,0.0,1.0,0.0,0.0,0.0,0.0,0.0,0.0,0.0,0.0,0.0,0.0,,,,,,,,,,,,,,,,,,,,,,,,,,,,,0.0,1.0,0.0,0.0,0.0,0.0,,,In phases,1.0,0.0,0.0,0.0,0.0,0.0,0.0,0.0,0.0,0.0,0.0,0.0,0.0,0.0,0.0,1.0,1.0,1.0,0.0,0.0,0.0,0.0,0.0,0.0,0.0,0.0,0.0,0.0,0.0,0.0,0.0,0.0
29-87-60-07,3dc3bd5f23a3442caefad60085055c71,0,Githingiri home,0,0,1,0,0,0,Murang'a,6,Gatanga,Freehold,,Private,No,,Self,,Local,New,Individual- resident,,,,,,,0.0,0.0,0.0,1.0,0.0,,01 2023,90.0,12 2024,Residential,CERAMIC TILES,STONE WITH LIME/CEMENT,CEMENT,Within the county of the project,,,No,,,1.0,0.0,0.0,0.0,0,0,0,0,0,0,0,0,0,0,0,0,,,,,,,,,,1,1,1,1,0,0,0,0,0,0,1,1,0,0,5.0,50000.0,5.0,100000.0,5.0,40000.0,0,0,0,0,0,0,0,0,0,0,0,0,0,1,1,WATER SERVICE PROVIDER,,1,0.0,0.0,1.0,0.0,0.0,,Septic Tank,,COLLECTED BY PRIVATE COMPANY,,0,0,0,0,"No, I did not apply for any loan",,,,0.0,0.0,0.0,1.0,0.0,0.0,0.0,0.0,0.0,0.0,0.0,0.0,0.0,,,7000000.0,,,,,,,,,,,,,,,,,,,,40.0,10.0,20.0,10.0,10.0,10.0,0.0,0.0,1.0,0.0,0.0,0.0,,,In phases,1.0,0.0,0.0,0.0,0.0,0.0,0.0,0.0,0.0,0.0,0.0,0.0,1.0,0.0,0.0,0.0,0.0,0.0,0.0,0.0,0.0,0.0,0.0,0.0,0.0,0.0,0.0,0.0,0.0,0.0,0.0,0.0
33-90-86-82,bd37508f4b344a39abc14c0b13fe545d,0,Kiambu 1,0,1,0,0,0,0,Kiambu,5,kitisuru,Leasehold,96.0,Private,Yes,Agricultural to residential,Other Specify,Nova 1,,New,Individual- resident,,,,,,,1.0,0.0,,1.0,0.0,,01 2019,100.0,01 2021,Residential,VINYL OR ASPHALT STRIPS,STONE WITH LIME/CEMENT,Other (Specify),Imported,Not available locally,,No,,,0.0,0.0,0.0,1.0,0,0,0,0,0,0,0,0,0,0,0,0,,,,,,,,,,0,1,1,1,0,1,1,1,1,0,1,0,1,1,12.0,9.0,9.0,50000.0,12.0,700000.0,1,1,0,0,1,1,1,1,0,1,1,1,1,1,1,TUBE WELL OR BOREHOLE(OWNED),,1,0.0,1.0,1.0,0.0,0.0,,Bio digester,,COLLECTED BY PRIVATE COMPANY,,1,1,1,0,"Yes, I sought to get loan",Yes,,Commercial/Microfinance Bank,,,,,,,,,,,,,,,,,,,,,,,,,,,,,,,,,,,,40.0,5.0,20.0,10.0,5.0,10.0,0.0,1.0,1.0,0.0,0.0,0.0,,,One go,,,,,,,0.0,1.0,1.0,0.0,0.0,0.0,0.0,0.0,0.0,0.0,0.0,0.0,0.0,0.0,0.0,0.0,0.0,0.0,0.0,0.0,0.0,0.0,0.0,0.0,0.0,0.0
33-90-86-82,bd37508f4b344a39abc14c0b13fe545d,1,kabete 2,0,1,0,0,0,0,Kiambu,5,Kitisuru,Leasehold,97.0,Private,Yes,Agricultural to residential,Other Specify,nova 2,,New,Individual- resident,,,,,,,1.0,0.0,0.0,0.0,0.0,,05 2022,100.0,01 2023,Residential,VINYL OR ASPHALT STRIPS,STONE WITH LIME/CEMENT,CEMENT,Imported,Not available locally,,Yes,LEED,,,,,,0,0,0,0,0,0,0,0,0,0,0,0,,,,,,,,,,0,1,1,1,0,1,1,1,1,0,1,0,1,1,12.0,500000.0,9.0,700000.0,12.0,750000.0,1,1,0,0,1,1,1,1,0,1,1,1,1,0,1,TUBE WELL OR BOREHOLE(OWNED),,1,0.0,1.0,1.0,0.0,0.0,,Bio digester,,COLLECTED BY PRIVATE COMPANY,,1,1,1,0,"Yes, I sought to get loan",Yes,,Commercial/Microfinance Bank,,,,,,,,,,,,,,,,,,,,,,,,,,,,,,,,,,,,40.0,5.0,20.0,10.0,5.0,10.0,0.0,1.0,0.0,0.0,0.0,0.0,,,One go,,,,,,,0.0,0.0,1.0,0.0,0.0,0.0,0.0,0.0,0.0,0.0,0.0,0.0,0.0,0.0,0.0,0.0,0.0,0.0,0.0,0.0,0.0,0.0,0.0,0.0,0.0,0.0
33-90-86-82,bd37508f4b344a39abc14c0b13fe545d,2,Kabete 3,0,0,1,0,1,0,Kiambu,5,kitisuru,Leasehold,97.0,Private,Yes,Agricultural to residential,Other Specify,Nova 1,,New,Individual- resident,,,,,,,1.0,0.0,0.0,0.0,0.0,,01 2023,100.0,04 2024,Residential,VINYL OR ASPHALT STRIPS,STONE WITH LIME/CEMENT,Other (Specify),Imported,Not available locally,,Yes,LEED,,,,,,0,0,0,0,0,0,0,0,0,0,0,0,,,,,,,,,,0,1,1,1,1,1,1,1,1,0,1,0,1,1,12.0,500000.0,9.0,700000.0,12.0,900000.0,1,1,0,0,1,1,1,1,0,1,0,0,1,1,1,TUBE WELL OR BOREHOLE(OWNED),,1,0.0,0.0,0.0,0.0,0.0,,Bio digester,,COLLECTED BY PRIVATE COMPANY,,1,1,1,0,"Yes, I sought to get loan",Yes,,Commercial/Microfinance Bank,,,,,,,,,,,,,,,,,,,,,,,,,,,,,,,,,,,,40.0,5.0,20.0,10.0,5.0,10.0,0.0,0.0,1.0,0.0,0.0,0.0,,,One go,,,,,,,0.0,0.0,0.0,0.0,0.0,,0.0,1.0,0.0,0.0,0.0,0.0,0.0,0.0,0.0,0.0,0.0,0.0,0.0,0.0,0.0,0.0,0.0,0.0,0.0,0.0
42-34-93-38,b4e63d1eb168442fb1d47b409fead216,0,kongowea village- flat apartment,0,1,0,0,0,0,Mombasa,6,kongowea,Freehold,,Private,Yes,Commercial to residential,Self,,Local,New,Self,1.0,1.0,0.0,1.0,1.0,1.0,0.0,1.0,0.0,0.0,0.0,,03 2024,5.0,03 2025,Mixed Use,CERAMIC TILES,STONE WITH LIME/CEMENT,IRON SHEETS/METAL,Imported,Cheaper to import/cost cutting,,Yes,LEED,,,,,,1,0,0,0,0,1,0,0,1,0,0,0,0.0,1.0,0.0,1.0,0.0,0.0,0.0,0.0,0.0,1,0,1,1,0,0,1,1,1,1,1,1,1,1,0.0,0.0,0.0,0.0,0.0,0.0,1,1,0,1,1,1,1,1,1,1,1,1,1,1,1,TUBE WELL OR BOREHOLE(OWNED),,1,0.0,0.0,0.0,0.0,0.0,,Bio digester,,COLLECTED BY PRIVATE COMPANY,,1,1,1,0,"No, I did not apply for any loan",,,,1.0,0.0,0.0,0.0,0.0,0.0,0.0,0.0,0.0,0.0,0.0,0.0,0.0,15000000.0,,,,,,,,,Commercial/Microfinance Bank,24.0,14.0,0.0,1.0,0.0,0.0,0.0,0.0,0.0,0.0,0.0,0.0,50.0,25.0,5.0,5.0,10.0,3.0,0.0,1.0,0.0,0.0,0.0,0.0,,,In phases,1.0,0.0,0.0,0.0,0.0,0.0,,1.0,,,,,,,,,,,,,,,,,,,,,,,,
42-94-29-18,0978ac68a7144670be0ca64b577e82a8,0,Karen project,0,0,1,0,0,0,Nairobi City,6,Karen,Freehold,,Private,No,,Self,,Local,New,Individual- resident,,,,,,,1.0,1.0,0.0,0.0,0.0,,06 2017,100.0,01 2019,Residential,CERAMIC TILES,CEMENT,CERAMIC TILES,Imported,Cheaper to import/cost cutting,,Yes,EDGE,,,,,,1,1,0,0,0,1,1,1,0,0,0,0,1.0,0.0,1.0,1.0,0.0,0.0,0.0,0.0,0.0,0,0,1,1,0,0,0,1,1,1,1,1,1,1,1.0,7000.0,1.0,7000.0,4.0,23600.0,1,1,0,1,1,1,0,1,0,0,1,0,0,1,1,WATER SERVICE PROVIDER,,1,0.0,0.0,1.0,0.0,0.0,,Main Sewer,,COLLECTED BY PRIVATE COMPANY,,1,0,0,0,"Yes, I sought to get loan",Yes,,Commercial/Microfinance Bank,,,,,,,,,,,,,,,,,,,,,,,,,,,,,,,,,,,,60.0,13.0,20.0,1.5,5.0,0.5,0.0,0.0,1.0,0.0,0.0,0.0,,,One go,,,,,,,0.0,0.0,0.0,0.0,0.0,0.0,0.0,1.0,0.0,0.0,0.0,0.0,0.0,0.0,0.0,0.0,0.0,0.0,0.0,0.0,0.0,0.0,0.0,0.0,0.0,0.0
42-94-29-18,0978ac68a7144670be0ca64b577e82a8,1,Kilimani hostels,0,1,0,0,0,0,Nairobi City,11,Kilimani,Freehold,,Private,No,,Self,,Local,New,Individual- resident,,,,,,,1.0,1.0,0.0,0.0,0.0,,10 2020,100.0,11 2022,Residential,CERAMIC TILES,CEMENT,CERAMIC TILES,Outside the county of the project,,,Yes,EDGE,,,,,,1,0,0,0,0,1,1,0,0,0,0,0,1.0,0.0,1.0,1.0,0.0,0.0,0.0,0.0,0.0,0,1,1,1,0,0,0,1,1,1,1,1,1,1,1.0,50000.0,1.0,50000.0,1.0,71560.0,1,1,0,1,1,1,0,0,0,0,1,1,1,1,1,WATER SERVICE PROVIDER,,1,0.0,1.0,1.0,0.0,0.0,,Main Sewer,,COLLECTED BY PRIVATE COMPANY,,0,0,1,1,"Yes, I sought to get loan",Yes,,Commercial/Microfinance Bank,,,,,,,,,,,,,,,,,,,,,,,,,,,,,,,,,,,,53.0,10.0,25.0,7.0,3.0,2.0,0.0,1.0,0.0,0.0,0.0,0.0,,,In phases,1.0,0.0,0.0,0.0,0.0,0.0,0.0,0.0,0.0,0.0,0.0,0.0,0.0,0.0,1.0,0.0,0.0,0.0,0.0,0.0,0.0,0.0,0.0,0.0,0.0,0.0,0.0,0.0,0.0,0.0,0.0,0.0
42-94-29-18,0978ac68a7144670be0ca64b577e82a8,2,Wood avenue apartments,0,1,0,0,0,0,Nairobi City,11,Hurlingham,Freehold,,Private,No,,Self,,Local,New,Individual- resident,,,,,,,1.0,1.0,0.0,0.0,0.0,,02 2016,100.0,12 2019,Residential,CERAMIC TILES,CEMENT,CERAMIC TILES,Imported,Cheaper to import/cost cutting,,No,,,0.0,0.0,0.0,1.0,1,0,0,0,0,1,1,0,0,0,0,0,1.0,0.0,1.0,1.0,0.0,0.0,0.0,0.0,0.0,0,0,0,1,0,0,0,1,1,1,1,1,1,1,1.0,62000.0,1.0,62000.0,1.0,101900.0,1,1,0,1,1,1,0,0,0,0,1,0,1,1,1,WATER SERVICE PROVIDER,,1,0.0,0.0,0.0,0.0,0.0,,Main Sewer,,COLLECTED BY PRIVATE COMPANY,,0,0,1,0,"Yes, I sought to get loan",Yes,,Commercial/Microfinance Bank,,,,,,,,,,,,,,,,,,,,,,,,,,,,,,,,,,,,42.0,18.0,25.0,8.0,5.0,2.0,0.0,1.0,0.0,0.0,0.0,0.0,,,In phases,1.0,0.0,0.0,0.0,0.0,0.0,0.0,0.0,0.0,0.0,0.0,0.0,0.0,0.0,0.0,0.0,0.0,0.0,1.0,0.0,0.0,0.0,0.0,0.0,0.0,0.0,0.0,0.0,0.0,0.0,0.0,0.0
42-94-29-18,0978ac68a7144670be0ca64b577e82a8,3,Swara gardens,0,0,0,0,1,0,Nairobi City,6,Karen,Freehold,,Private,No,,Self,,Local,New,Individual- resident,,,,,,,1.0,1.0,0.0,0.0,0.0,,08 2021,100.0,03 2023,Residential,CERAMIC TILES,CEMENT,CERAMIC TILES,Imported,Cheaper to import/cost cutting,,Yes,EDGE,,,,,,1,0,0,0,0,1,1,1,0,0,0,0,1.0,0.0,1.0,1.0,1.0,0.0,0.0,0.0,0.0,0,0,0,1,0,0,0,1,1,1,1,1,1,1,2.0,73000.0,2.0,73000.0,1.0,120000.0,1,1,0,1,1,1,0,0,0,0,1,0,1,1,1,WATER SERVICE PROVIDER,,1,0.0,0.0,0.0,0.0,0.0,,Main Sewer,,COLLECTED BY PRIVATE COMPANY,,0,0,0,0,"Yes, I sought to get loan",Yes,,Commercial/Microfinance Bank,,,,,,,,,,,,,,,,,,,,,,,,,,,,,,,,,,,,53.0,10.0,25.0,7.0,3.0,2.0,0.0,0.0,0.0,0.0,1.0,0.0,,,In phases,1.0,0.0,0.0,0.0,0.0,0.0,0.0,0.0,0.0,0.0,0.0,0.0,0.0,0.0,0.0,0.0,0.0,0.0,0.0,0.0,0.0,0.0,0.0,1.0,0.0,0.0,0.0,0.0,0.0,0.0,0.0,0.0
44-36-12-89,241fd669fee54625bdfd87713e59d92b,0,Miran Residence,0,1,0,0,0,0,Kiambu,6,Ruaka,Freehold,,Private,Yes,Agricultural to residential,Other Specify,MC builders,,New,Self,1.0,1.0,1.0,1.0,1.0,0.0,0.0,0.0,0.0,1.0,0.0,,06 2022,20.0,06 2025,Residential,CERAMIC TILES,STONE WITH LIME/CEMENT,IRON SHEETS/METAL,Outside the county of the project,,,No,,,0.0,0.0,0.0,1.0,0,0,0,0,0,0,0,1,0,0,0,0,1.0,0.0,0.0,0.0,0.0,0.0,0.0,0.0,0.0,1,1,0,1,0,1,0,1,1,0,1,1,0,1,1.0,35000.0,0.0,0.0,2.0,10000.0,1,1,0,1,1,1,1,1,0,0,1,1,1,1,1,WATER SERVICE PROVIDER,,1,0.0,0.0,0.0,0.0,0.0,,Septic Tank,,COLLECTED BY PRIVATE COMPANY,,1,0,1,0,"Yes, I sought to get loan",Yes,,Commercial/Microfinance Bank,,,,,,,,,,,,,,,,,,,,,,,,,,,,,,,,,,,,0.0,0.0,0.0,0.0,0.0,0.0,0.0,1.0,0.0,0.0,0.0,0.0,,,In phases,1.0,0.0,1.0,0.0,0.0,0.0,0.0,0.0,0.0,0.0,0.0,0.0,0.0,0.0,0.0,1.0,1.0,1.0,0.0,0.0,0.0,0.0,0.0,0.0,0.0,0.0,0.0,0.0,0.0,0.0,0.0,0.0
44-36-12-89,241fd669fee54625bdfd87713e59d92b,1,SIC project,0,0,1,0,0,0,Kiambu,7,kirigiti,Freehold,,Private,Yes,Agricultural to residential,Self,,Local,New,Individual- resident,,,,,,,0.0,0.0,0.0,1.0,0.0,,11 2023,70.0,06 2024,Residential,CERAMIC TILES,STONE WITH LIME/CEMENT,IRON SHEETS/METAL,Outside the county of the project,,,No,,,0.0,0.0,0.0,1.0,0,0,0,0,0,0,0,0,0,0,0,0,,,,,,,,,,0,0,0,1,0,1,1,0,1,0,1,1,1,1,1.0,0.0,0.0,0.0,1.0,5000.0,1,1,0,1,1,1,1,0,0,0,1,1,1,1,1,TUBE WELL OR BOREHOLE(COMMUNITY),,1,0.0,0.0,0.0,0.0,0.0,,Septic Tank,,COLLECTED BY PRIVATE COMPANY,,0,1,0,0,"No, I did not apply for any loan",,,,0.0,0.0,0.0,0.0,0.0,0.0,0.0,1.0,0.0,0.0,0.0,0.0,0.0,,,,,15000000.0,,,,,,,,,,,,,,,,,,40.0,25.0,15.0,10.0,5.0,5.0,0.0,0.0,1.0,0.0,0.0,0.0,,,One go,,,,,,,0.0,0.0,0.0,0.0,0.0,0.0,1.0,0.0,0.0,0.0,0.0,0.0,0.0,0.0,0.0,0.0,0.0,0.0,0.0,0.0,0.0,0.0,0.0,0.0,0.0,0.0
44-49-16-32,1b58770bdb59438080f48064743638fc,0,kijani apartments,0,1,0,0,0,0,Kilifi,8,##N/A##,Leasehold,67.0,Private,No,,Self,,Local,New,Self,1.0,1.0,1.0,1.0,1.0,0.0,1.0,1.0,0.0,0.0,0.0,,08 2017,78.0,12 2025,Mixed Use,CERAMIC TILES,CEMENT BLOCKS,CALAMINE/CEMENT FIBER,Within the county of the project,,,Yes,LEED,,,,,,1,1,1,0,1,1,1,1,1,1,1,1,1.0,0.0,0.0,1.0,0.0,0.0,0.0,0.0,0.0,0,1,1,1,0,0,0,1,1,0,1,1,1,0,6.0,4000000.0,3.0,1500000.0,2.0,1000000.0,1,1,1,1,1,1,1,1,1,0,0,0,0,0,0,WATER SERVICE PROVIDER,,1,1.0,0.0,1.0,0.0,0.0,,Septic Tank,,COLLECTED BY PRIVATE COMPANY,,1,1,1,1,"No, I did not apply for any loan",,,,0.0,0.0,0.0,0.0,0.0,0.0,1.0,0.0,0.0,0.0,0.0,0.0,0.0,,,,80000000.0,,,,,,,,,,,,,,,,,,,58.0,30.0,4.0,2.0,6.0,3.0,1.0,1.0,1.0,0.0,0.0,0.0,,,Both,1.0,1.0,1.0,0.0,0.0,0.0,0.0,0.0,0.0,0.0,0.0,0.0,0.0,0.0,0.0,0.0,0.0,0.0,0.0,1.0,0.0,0.0,0.0,0.0,0.0,0.0,0.0,0.0,0.0,0.0,0.0,0.0
46-13-57-21,488b1d84e9a04c8997203a924c62e93f,0,Orkland by elegant,0,1,0,0,0,0,Nairobi City,11,spring valley,Leasehold,32.0,Private,Yes,Residential  Single-Dwelling To Multi-Dwelling,Self,,Local,New,Self,1.0,0.0,1.0,0.0,1.0,0.0,1.0,1.0,0.0,0.0,0.0,,02 2021,100.0,05 2023,Residential,WOOD PLANKS,STONE WITH LIME/CEMENT,CEMENT,Within the county of the project,,,No,,,0.0,1.0,0.0,0.0,1,0,1,1,1,1,1,1,1,1,0,0,1.0,0.0,0.0,1.0,1.0,0.0,0.0,0.0,0.0,1,1,1,1,0,1,1,1,1,1,1,1,1,1,2.0,800000.0,3.0,80000.0,1.0,50000.0,1,1,0,1,1,1,1,1,1,0,1,1,1,1,1,TUBE WELL OR BOREHOLE(OWNED),,1,0.0,0.0,0.0,0.0,0.0,,Main Sewer,,COLLECTED BY PRIVATE COMPANY,,0,1,1,1,"Yes, I sought to get loan",Yes,,Commercial/Microfinance Bank,,,,,,,,,,,,,,,,,,,,,,,,,,,,,,,,,,,,20.0,19.0,15.0,10.0,29.0,7.0,0.0,1.0,0.0,0.0,0.0,0.0,,,In phases,1.0,0.0,0.0,0.0,0.0,0.0,0.0,0.0,0.0,0.0,0.0,0.0,0.0,0.0,0.0,0.0,0.0,0.0,1.0,1.0,0.0,0.0,0.0,0.0,0.0,0.0,0.0,0.0,0.0,0.0,0.0,0.0
46-13-57-21,488b1d84e9a04c8997203a924c62e93f,1,okland limited,0,0,1,0,0,0,Kiambu,6,ruaka,Freehold,,Private,No,,Self,,Local,New,Self,1.0,1.0,1.0,0.0,1.0,0.0,0.0,0.0,1.0,0.0,0.0,,02 2021,100.0,05 2023,Residential,CERAMIC TILES,STONE WITH LIME/CEMENT,CEMENT,Within the county of the project,,,Yes,EDGE,,,,,,1,1,1,1,1,1,1,1,1,1,1,0,1.0,0.0,1.0,1.0,1.0,0.0,0.0,0.0,0.0,1,1,1,1,0,1,1,1,1,1,1,1,0,0,1.0,20000.0,2.0,80000.0,1.0,200000.0,1,1,0,1,1,1,1,1,1,0,1,1,1,1,1,TUBE WELL OR BOREHOLE(OWNED),,1,0.0,0.0,0.0,0.0,0.0,,Main Sewer,,COLLECTED BY PRIVATE COMPANY,,0,1,1,1,"Yes, I sought to get loan",Yes,,Commercial/Microfinance Bank,,,,,,,,,,,,,,,,,,,,,,,,,,,,,,,,,,,,25.0,10.0,20.0,15.0,15.0,10.0,0.0,1.0,0.0,0.0,0.0,0.0,,,In phases,1.0,0.0,0.0,0.0,0.0,0.0,0.0,0.0,0.0,0.0,0.0,0.0,0.0,0.0,0.0,0.0,0.0,0.0,1.0,1.0,0.0,0.0,0.0,0.0,0.0,0.0,0.0,0.0,0.0,0.0,0.0,0.0
54-96-30-37,d056716ce9174d3cab42cf9b82c5cc6a,0,Marry Gold,0,0,0,0,1,0,Nairobi City,6,Langata,Leasehold,71.0,Private,No,,Self,,Local,New,Individual- resident,,,,,,,1.0,0.0,0.0,,0.0,,08 2019,100.0,05 2021,Residential,CERAMIC TILES,STONE WITH LIME/CEMENT,IRON SHEETS/METAL,Within the county of the project,,,No,,,0.0,1.0,0.0,0.0,1,1,1,1,1,0,0,0,1,0,0,0,1.0,1.0,1.0,1.0,0.0,0.0,1.0,1.0,0.0,0,1,1,1,0,0,0,0,0,0,0,0,0,0,2.0,300000.0,2.0,1000000.0,3.0,5000000.0,1,1,1,1,1,1,1,1,1,0,1,1,1,1,1,TUBE WELL OR BOREHOLE(OWNED),,1,0.0,0.0,0.0,0.0,0.0,,Septic Tank,,Don't Know,,1,1,1,1,"Yes, I sought to get loan",Yes,,Government,,,,,,,,,,,,,,,,,,,,,,,,,,,,,,,,,,,,40.0,25.0,15.0,5.0,5.0,10.0,0.0,0.0,0.0,0.0,1.0,0.0,,,In phases,1.0,0.0,0.0,0.0,0.0,0.0,,,,,,,,,,,,,,,,0.0,,,,,,,,,,
57-98-67-36,7ae0192bfcf546ba996fcdd4f9bda318,0,Kabasiran villas,0,0,0,0,1,0,Nairobi City,11,Lavington,Freehold,,Private,No,,Self,,Local,New,Self,1.0,1.0,1.0,0.0,1.0,0.0,1.0,1.0,0.0,0.0,0.0,,05 2017,100.0,02 2020,Mixed Use,CERAMIC TILES,CEMENT,CERAMIC TILES,Within the county of the project,,,Yes,EDGE,,,,,,0,0,0,0,0,1,1,0,0,0,0,0,1.0,0.0,1.0,1.0,0.0,0.0,0.0,0.0,0.0,0,0,0,1,0,0,0,1,1,1,1,1,1,1,1.0,63000.0,1.0,63000.0,1.0,85000.0,1,1,0,1,1,1,0,0,0,0,1,1,1,1,1,WATER SERVICE PROVIDER,,1,0.0,1.0,0.0,0.0,0.0,,Main Sewer,,COLLECTED BY PRIVATE COMPANY,,1,1,1,1,"Yes, I sought to get loan",Yes,,Commercial/Microfinance Bank,,,,,,,,,,,,,,,,,,,,,,,,,,,,,,,,,,,,40.0,15.0,20.0,10.0,10.0,5.0,0.0,0.0,0.0,0.0,1.0,0.0,,,In phases,1.0,0.0,0.0,0.0,0.0,0.0,0.0,0.0,0.0,0.0,0.0,0.0,0.0,0.0,0.0,0.0,0.0,0.0,0.0,0.0,0.0,0.0,0.0,1.0,0.0,0.0,0.0,0.0,0.0,0.0,0.0,0.0
57-98-67-36,7ae0192bfcf546ba996fcdd4f9bda318,1,The courtyard,0,1,0,0,0,0,Nairobi City,11,"Lavington, Vanga road",Freehold,,Private,No,,Self,,Local,New,Self,1.0,1.0,1.0,0.0,1.0,0.0,1.0,1.0,0.0,0.0,0.0,,06 2016,100.0,11 2019,Mixed Use,WOOD PLANKS,CEMENT,CERAMIC TILES,Within the county of the project,,,Yes,EDGE,,,,,,0,0,0,0,0,1,1,0,0,0,0,0,1.0,0.0,1.0,1.0,0.0,0.0,0.0,0.0,0.0,0,0,0,1,0,0,0,1,1,1,1,1,1,1,1.0,50000.0,1.0,50000.0,1.0,75000.0,1,1,0,1,1,1,0,0,0,0,1,1,1,1,1,WATER SERVICE PROVIDER,,1,0.0,1.0,0.0,0.0,0.0,,Main Sewer,,COLLECTED BY PRIVATE COMPANY,,1,1,1,1,"Yes, I sought to get loan",Yes,,Commercial/Microfinance Bank,,,,,,,,,,,,,,,,,,,,,,,,,,,,,,,,,,,,40.0,15.0,20.0,10.0,10.0,5.0,0.0,1.0,0.0,0.0,0.0,0.0,,,In phases,1.0,0.0,0.0,0.0,0.0,0.0,0.0,0.0,0.0,0.0,0.0,0.0,0.0,0.0,0.0,0.0,0.0,0.0,1.0,0.0,0.0,0.0,0.0,0.0,0.0,0.0,0.0,0.0,0.0,0.0,0.0,0.0
57-98-67-36,7ae0192bfcf546ba996fcdd4f9bda318,2,The curve,0,0,0,0,1,0,Nairobi City,6,Mombasa road,Freehold,,Private,No,,Self,,Local,New,Self,1.0,1.0,1.0,0.0,1.0,0.0,1.0,1.0,0.0,0.0,0.0,,10 2017,100.0,08 2020,Residential,CERAMIC TILES,CEMENT,CERAMIC TILES,Within the county of the project,,,Yes,EDGE,,,,,,0,0,0,0,0,1,1,0,0,0,0,0,1.0,0.0,1.0,1.0,0.0,0.0,0.0,0.0,0.0,0,0,0,1,0,0,0,1,1,1,1,1,1,1,1.0,120000.0,1.0,120000.0,1.0,210000.0,1,1,0,1,1,1,0,0,0,0,1,1,1,1,1,WATER SERVICE PROVIDER,,1,0.0,1.0,0.0,0.0,0.0,,Main Sewer,,COLLECTED BY PRIVATE COMPANY,,1,1,1,1,"Yes, I sought to get loan",Yes,,Commercial/Microfinance Bank,,,,,,,,,,,,,,,,,,,,,,,,,,,,,,,,,,,,40.0,15.0,20.0,10.0,10.0,5.0,0.0,1.0,0.0,0.0,0.0,0.0,,,In phases,1.0,0.0,0.0,0.0,0.0,0.0,0.0,0.0,0.0,0.0,0.0,0.0,0.0,0.0,0.0,0.0,1.0,1.0,0.0,0.0,0.0,0.0,0.0,1.0,0.0,0.0,0.0,0.0,0.0,0.0,0.0,0.0
60-67-15-02,3b36a8c7a2c24764b3f7d90aa72a6621,0,nanyuki housing project two bedrooms,1,0,0,0,0,0,Nakuru,7,lanet,Leasehold,50.0,Private,No,,Other Specify,private contractor,,New,Self,1.0,1.0,1.0,0.0,0.0,0.0,1.0,0.0,0.0,0.0,0.0,,01 2017,100.0,01 2019,Residential,Other (Specify),Other (Specify),IRON SHEETS/METAL,Within the county of the project,,,No,,,0.0,0.0,0.0,1.0,0,0,0,0,0,0,0,0,0,0,0,0,,,,,,,,,,1,0,0,1,0,0,0,0,1,1,1,0,1,0,1.0,200000.0,1.0,250000.0,1.0,100000.0,1,1,0,1,0,0,0,0,0,0,0,0,0,0,1,WATER SERVICE PROVIDER,,1,0.0,0.0,0.0,0.0,0.0,,Septic Tank,,COLLECTED BY COMMUNITY ASSOCIATION,,0,0,0,0,"Yes, I sought to get loan",Yes,,Government,,,,,,,,,,,,,,,,,,,,,,,,,,,,,,,,,,,,40.0,10.0,20.0,20.0,4.4,60.0,1.0,0.0,0.0,0.0,0.0,0.0,,,In phases,1.0,0.0,0.0,0.0,0.0,0.0,1.0,1.0,0.0,0.0,0.0,0.0,0.0,0.0,0.0,0.0,0.0,0.0,0.0,0.0,0.0,0.0,0.0,0.0,0.0,0.0,0.0,0.0,0.0,0.0,0.0,0.0
62-60-09-21,8f6002f29b2b41f28dde71e2ca4d8f43,0,Mwamko Housing Project,0,0,1,0,0,0,Nairobi City,4,Ngundu,Freehold,,Private,Yes,Residential  Single-Dwelling To Multi-Dwelling,Self,,Local,New,Non Governmental Organizations (NGOs),,,,,,,0.0,0.0,1.0,0.0,0.0,,15 2020,45.0,01 2027,Residential,CEMENT,BRICKS,IRON SHEETS/METAL,Within the county of the project,,,No,,,1.0,0.0,0.0,0.0,0,0,0,0,0,0,0,0,0,0,0,0,,,,,,,,,,1,0,0,1,0,0,0,0,0,0,0,0,0,0,0.0,0.0,0.0,0.0,0.0,0.0,1,1,0,0,0,0,0,0,0,0,0,0,0,1,0,TUBE WELL OR BOREHOLE(COMMUNITY),,1,,,,,,,Septic Tank,,COLLECTED BY COUNTY GOVERNMENT,,0,1,0,0,"No, I did not apply for any loan",,,,0.0,0.0,0.0,0.0,0.0,0.0,0.0,0.0,0.0,0.0,1.0,0.0,0.0,,,,,,,4500000.0,,,,,,,,,,,,,,,,67.0,10.0,23.0,10.0,0.0,0.0,0.0,0.0,1.0,0.0,0.0,0.0,,,In phases,1.0,0.0,0.0,0.0,0.0,0.0,,,1.0,,,,,,,,,,,,,,,,,,,,,,,
65-15-52-20,cd6f8a5f657d4f3db63daf6ba4432ba9,0,Kitui Boarder Patrol school for Administration police,0,1,0,0,0,0,Kitui,Mwingi East,kitui,Freehold,,Public,No,,Other Specify,Government,,New,Government,,,,,,,0.0,0.0,0.0,1.0,0.0,,03 2020,100.0,05 2020,Residential,CEMENT,CEMENT BLOCKS,IRON SHEETS/METAL,Within the county of the project,,,No,,,0.0,0.0,0.0,1.0,1,0,0,0,0,0,0,0,0,0,0,0,1.0,1.0,1.0,1.0,1.0,1.0,1.0,1.0,0.0,1,0,0,1,0,0,0,1,0,0,1,1,1,0,1.0,1700000.0,1.0,1250000.0,0.0,0.0,1,1,0,1,1,0,0,0,0,0,0,0,0,0,1,WATER SERVICE PROVIDER,,1,0.0,0.0,0.0,0.0,0.0,,Septic Tank,,DUMPED  IN A PIT,,0,1,0,0,"No, I did not apply for any loan",,,,0.0,0.0,1.0,0.0,0.0,0.0,0.0,0.0,0.0,0.0,0.0,0.0,0.0,,105506886.34,,,,,,,,,,,,,,,,,,,,,47.0,6.0,40.0,4.0,2.0,1.0,0.0,1.0,0.0,0.0,0.0,0.0,,,One go,,,,,,,0.0,0.0,0.0,0.0,0.0,0.0,0.0,0.0,0.0,1.0,0.0,1.0,0.0,0.0,0.0,0.0,0.0,0.0,0.0,0.0,0.0,0.0,0.0,0.0,0.0,0.0
65-15-52-20,cd6f8a5f657d4f3db63daf6ba4432ba9,1,Narok Police station,0,1,0,0,0,0,Narok,1,Narok,Freehold,,Public,No,,Other Specify,Government,,New,Government,,,,,,,0.0,0.0,0.0,1.0,0.0,,02 2020,100.0,07 2020,Residential,CEMENT,CEMENT BLOCKS,IRON SHEETS/METAL,Within the county of the project,,,No,,,0.0,0.0,0.0,1.0,1,0,0,0,0,0,0,0,0,0,0,0,1.0,1.0,1.0,1.0,1.0,1.0,1.0,1.0,0.0,1,0,0,1,0,0,0,1,1,0,1,1,1,0,1.0,2150000.0,1.0,1600000.0,1.0,0.0,1,1,0,1,1,0,0,0,0,0,1,0,0,0,1,WATER SERVICE PROVIDER,,1,0.0,0.0,0.0,0.0,0.0,,Septic Tank,,DUMPED  IN A PIT,,1,1,0,0,"No, I did not apply for any loan",,,,0.0,0.0,1.0,0.0,0.0,0.0,0.0,0.0,0.0,0.0,0.0,0.0,0.0,,199642750.0,,,,,,,,,,,,,,,,,,,,,48.0,7.0,38.0,3.5,2.5,1.0,0.0,1.0,0.0,0.0,0.0,0.0,,,One go,,,,,,,0.0,0.0,0.0,0.0,0.0,0.0,0.0,0.0,0.0,1.0,0.0,1.0,0.0,0.0,0.0,0.0,0.0,0.0,0.0,0.0,0.0,0.0,0.0,0.0,0.0,0.0
65-15-52-20,cd6f8a5f657d4f3db63daf6ba4432ba9,2,Kiambu EPS Police Administration,0,1,0,0,0,0,Kiambu,7,kiambu,Freehold,,Public,No,,Other Specify,Government,,New,Government,,,,,,,0.0,0.0,0.0,1.0,0.0,,06 2021,100.0,11 2021,Residential,CEMENT,CEMENT BLOCKS,IRON SHEETS/METAL,Within the county of the project,,,No,,,0.0,0.0,0.0,1.0,1,0,0,0,0,0,0,0,0,0,0,0,1.0,1.0,1.0,1.0,1.0,1.0,1.0,1.0,0.0,1,0,0,1,0,0,0,1,1,0,1,1,1,0,1.0,700000.0,1.0,1480000.0,1.0,0.0,1,1,0,1,1,0,0,0,0,0,1,0,0,0,1,TUBE WELL OR BOREHOLE(OWNED),,1,0.0,0.0,0.0,0.0,0.0,,Septic Tank,,DUMPED  IN A PIT,,1,1,0,0,"No, I did not apply for any loan",,,,0.0,0.0,1.0,0.0,0.0,0.0,0.0,0.0,0.0,0.0,0.0,0.0,0.0,,197354580.0,,,,,,,,,,,,,,,,,,,,,49.0,5.0,39.0,5.0,1.0,1.0,0.0,1.0,0.0,0.0,0.0,0.0,,,One go,,,,,,,0.0,0.0,0.0,0.0,0.0,0.0,0.0,0.0,0.0,1.0,0.0,1.0,0.0,0.0,0.0,0.0,0.0,0.0,0.0,0.0,0.0,0.0,0.0,0.0,0.0,0.0
65-15-52-20,cd6f8a5f657d4f3db63daf6ba4432ba9,3,Kapenguria Prison,0,1,0,0,0,0,West Pokot,5,west pokot,Freehold,,Public,No,,Self,,Local,New,Government,,,,,,,0.0,0.0,0.0,1.0,0.0,,02 2021,100.0,08 2021,Residential,CEMENT,IRON SHEETS,IRON SHEETS/METAL,Within the county of the project,,,No,,,0.0,0.0,0.0,1.0,1,0,0,0,0,0,0,0,0,0,0,0,1.0,1.0,1.0,1.0,1.0,1.0,1.0,1.0,0.0,1,0,0,1,0,0,0,1,0,0,1,1,1,0,2.0,2700000.0,1.0,1500000.0,1.0,20000.0,1,1,0,1,1,0,0,0,0,0,1,0,0,0,1,TUBE WELL OR BOREHOLE(OWNED),,1,0.0,0.0,0.0,0.0,0.0,,Septic Tank,,DUMPED  IN A PIT,,1,1,0,0,"No, I did not apply for any loan",,,,0.0,0.0,1.0,0.0,0.0,0.0,0.0,0.0,0.0,0.0,0.0,0.0,0.0,,201165000.0,,,,,,,,,,,,,,,,,,,,,55.0,3.0,41.0,2.5,1.0,0.5,0.0,1.0,0.0,0.0,0.0,0.0,,,One go,,,,,,,0.0,0.0,0.0,0.0,0.0,0.0,0.0,0.0,0.0,1.0,0.0,1.0,0.0,0.0,0.0,0.0,0.0,0.0,0.0,0.0,0.0,0.0,0.0,0.0,0.0,0.0
65-15-52-20,cd6f8a5f657d4f3db63daf6ba4432ba9,4,Kakamega Main prison,0,1,0,0,0,0,Kakamega,2,kakamega,Freehold,,Public,No,,Self,,Local,New,Government,,,,,,,0.0,0.0,0.0,1.0,0.0,,01 2021,100.0,05 2021,Residential,CEMENT,CEMENT BLOCKS,IRON SHEETS/METAL,Within the county of the project,,,No,,,0.0,0.0,0.0,1.0,1,0,0,0,0,0,0,0,0,0,0,0,1.0,1.0,1.0,1.0,1.0,1.0,1.0,1.0,0.0,1,0,0,1,0,0,0,1,1,0,1,1,1,0,1.0,1100000.0,2.0,227000.0,1.0,25000.0,1,1,0,1,1,0,0,0,0,0,1,0,0,0,1,WATER SERVICE PROVIDER,,1,0.0,0.0,0.0,0.0,0.0,,Septic Tank,,DUMPED  IN A PIT,,1,1,0,0,"No, I did not apply for any loan",,,,0.0,0.0,1.0,0.0,0.0,0.0,0.0,0.0,0.0,0.0,0.0,0.0,0.0,,187680000.0,,,,,,,,,,,,,,,,,,,,,44.0,2.0,40.0,10.0,3.0,1.0,0.0,1.0,0.0,0.0,0.0,0.0,,,One go,,,,,,,0.0,0.0,0.0,0.0,0.0,0.0,0.0,0.0,0.0,1.0,0.0,1.0,0.0,0.0,0.0,0.0,0.0,0.0,0.0,0.0,0.0,0.0,0.0,0.0,0.0,0.0
65-15-52-20,cd6f8a5f657d4f3db63daf6ba4432ba9,5,Kenya Police Staff College Loresho,0,1,0,0,0,0,Nairobi City,11,Loresho,Freehold,,Public,No,,Other Specify,Government,,New,Government,,,,,,,0.0,0.0,0.0,1.0,0.0,,04 2021,100.0,04 2022,Residential,CEMENT,CEMENT BLOCKS,IRON SHEETS/METAL,Within the county of the project,,,No,,,0.0,0.0,0.0,1.0,1,0,0,0,0,0,0,0,0,0,0,0,1.0,1.0,1.0,1.0,1.0,1.0,1.0,1.0,0.0,1,0,0,1,0,0,0,1,1,1,1,1,1,0,1.0,910000.0,1.0,287000.0,1.0,28500.0,1,1,0,1,1,0,0,0,0,0,1,0,0,0,1,WATER SERVICE PROVIDER,,1,0.0,0.0,0.0,0.0,0.0,,Septic Tank,,DUMPED  IN A PIT,,1,1,0,0,"No, I did not apply for any loan",,,,0.0,0.0,1.0,0.0,0.0,0.0,0.0,0.0,0.0,0.0,0.0,0.0,0.0,,321798000.0,,,,,,,,,,,,,,,,,,,,,45.0,5.0,42.0,6.0,1.0,1.0,0.0,1.0,0.0,0.0,0.0,0.0,,,One go,,,,,,,0.0,0.0,0.0,0.0,0.0,0.0,0.0,0.0,0.0,1.0,0.0,0.0,0.0,0.0,0.0,0.0,0.0,0.0,0.0,0.0,0.0,0.0,0.0,0.0,0.0,0.0
65-15-52-20,cd6f8a5f657d4f3db63daf6ba4432ba9,6,Rapid Deployment Unit Headquarters Nairobi,0,1,0,0,0,0,Nairobi City,2,Embakasi,Freehold,,Public,No,,Other Specify,Government,,New,Government,,,,,,,0.0,0.0,0.0,1.0,0.0,,06 2022,100.0,11 2022,Residential,CEMENT,STONE WITH LIME/CEMENT,IRON SHEETS/METAL,Within the county of the project,,,No,,,0.0,0.0,0.0,1.0,1,0,0,0,0,0,0,0,0,0,0,0,1.0,1.0,1.0,1.0,1.0,1.0,1.0,1.0,0.0,1,0,0,1,0,0,0,1,1,1,1,1,1,0,1.0,240000.0,1.0,20000.0,1.0,18000.0,1,1,0,1,1,0,0,0,0,0,1,0,0,0,1,TUBE WELL OR BOREHOLE(OWNED),,1,0.0,0.0,0.0,0.0,0.0,,Septic Tank,,COLLECTED BY COUNTY GOVERNMENT,,1,1,0,0,"No, I did not apply for any loan",,,,0.0,0.0,1.0,0.0,0.0,0.0,0.0,0.0,0.0,0.0,0.0,0.0,0.0,,195054000.0,,,,,,,,,,,,,,,,,,,,,44.0,3.0,41.0,5.0,6.0,1.0,0.0,1.0,0.0,0.0,0.0,0.0,,,One go,,,,,,,0.0,0.0,0.0,0.0,0.0,0.0,0.0,0.0,0.0,1.0,0.0,1.0,0.0,0.0,0.0,0.0,0.0,0.0,0.0,0.0,0.0,0.0,0.0,0.0,0.0,0.0
65-15-52-20,cd6f8a5f657d4f3db63daf6ba4432ba9,7,Eldama Ravine Administration Police,0,1,0,0,0,0,Baringo,6,Eldama Ravine,Freehold,,Public,No,,Self,,Local,New,Government,,,,,,,0.0,0.0,,1.0,0.0,,04 2021,100.0,10 2021,Residential,CEMENT,STONE WITH LIME/CEMENT,IRON SHEETS/METAL,Within the county of the project,,,No,,,0.0,0.0,0.0,1.0,1,0,0,0,0,0,0,0,0,0,0,0,1.0,1.0,1.0,1.0,1.0,1.0,1.0,1.0,0.0,1,0,0,1,0,0,0,1,1,1,1,1,1,0,1.0,1756000.0,1.0,214000.0,1.0,21500.0,1,1,0,1,1,0,0,0,0,0,0,0,0,0,1,WATER SERVICE PROVIDER,,1,0.0,0.0,0.0,0.0,0.0,,Septic Tank,,DUMPED  IN A PIT,,0,1,0,0,"No, I did not apply for any loan",,,,0.0,0.0,1.0,0.0,0.0,0.0,0.0,0.0,0.0,0.0,0.0,0.0,0.0,,124508000.0,,,,,,,,,,,,,,,,,,,,,43.0,3.0,41.0,7.0,5.0,1.0,0.0,1.0,0.0,0.0,0.0,0.0,,,One go,,,,,,,0.0,0.0,0.0,0.0,0.0,0.0,0.0,0.0,0.0,1.0,0.0,1.0,0.0,0.0,0.0,,0.0,0.0,0.0,0.0,0.0,0.0,0.0,0.0,0.0,0.0
65-15-52-20,cd6f8a5f657d4f3db63daf6ba4432ba9,8,Garsen police station,0,1,0,0,0,0,Tana River,3,Tana river,Freehold,,Public,No,,Self,,Local,New,Government,,,,,,,0.0,0.0,0.0,1.0,0.0,,11 2023,90.0,10 2024,Residential,CEMENT,CEMENT BLOCKS,IRON SHEETS/METAL,Outside the county of the project,,,No,,,0.0,0.0,0.0,1.0,1,0,0,0,0,0,0,0,0,0,0,0,1.0,1.0,1.0,1.0,1.0,1.0,1.0,1.0,0.0,1,0,0,1,0,0,0,1,1,0,1,1,1,0,1.0,56400.0,1.0,375000.0,1.0,18000.0,1,1,0,1,1,0,0,0,0,0,1,0,0,1,1,WATER SERVICE PROVIDER,,1,0.0,0.0,0.0,0.0,0.0,,Septic Tank,,DUMPED  IN A PIT,,0,1,0,0,"No, I did not apply for any loan",,,,0.0,0.0,1.0,0.0,0.0,0.0,0.0,0.0,0.0,0.0,0.0,0.0,0.0,,105506886.0,,,,,,,,,,,,,,,,,,,,,42.0,7.0,40.0,5.0,5.5,1.5,0.0,1.0,0.0,0.0,0.0,0.0,,,One go,,,,,,,0.0,0.0,0.0,0.0,0.0,0.0,0.0,0.0,0.0,1.0,0.0,1.0,1.0,0.0,0.0,0.0,0.0,0.0,0.0,0.0,0.0,0.0,0.0,0.0,0.0,0.0
65-15-52-20,cd6f8a5f657d4f3db63daf6ba4432ba9,9,Shimo Latewa Prisons,0,1,0,0,0,0,Mombasa,2,Shimo Latewa,Freehold,,Public,No,,Other Specify,Government,,New,Government,,,,,,,1.0,0.0,0.0,1.0,0.0,,11 2023,99.0,06 2024,Residential,CEMENT,STONE WITH LIME/CEMENT,IRON SHEETS/METAL,Outside the county of the project,,,No,,,0.0,0.0,0.0,1.0,1,0,0,0,0,0,0,0,0,0,0,0,1.0,1.0,1.0,1.0,1.0,1.0,1.0,1.0,0.0,1,0,0,1,0,0,0,1,1,0,1,1,1,0,1.0,284000.0,1.0,324000.0,1.0,24500.0,1,1,0,1,1,0,0,0,0,0,1,0,0,1,1,TUBE WELL OR BOREHOLE(OWNED),,1,0.0,0.0,0.0,0.0,0.0,,Septic Tank,,DUMPED  IN A PIT,,0,1,0,0,"No, I did not apply for any loan",,,,0.0,0.0,1.0,0.0,0.0,0.0,0.0,0.0,0.0,0.0,0.0,0.0,0.0,,70280040.0,,,,,,,,,,,,,,,,,,,,,41.0,6.0,40.0,4.0,7.0,2.0,0.0,1.0,0.0,0.0,0.0,0.0,,,One go,,,,,,,0.0,0.0,0.0,0.0,0.0,0.0,0.0,0.0,0.0,1.0,0.0,1.0,1.0,0.0,0.0,0.0,0.0,0.0,0.0,0.0,0.0,0.0,0.0,0.0,0.0,0.0
65-15-52-20,cd6f8a5f657d4f3db63daf6ba4432ba9,10,Ruiri GK Prison,0,1,0,0,0,0,Kiambu,7,kiambu,Freehold,,Public,No,,Other Specify,Government,,New,Government,,,,,,,0.0,0.0,0.0,1.0,0.0,,11 2023,55.0,06 2024,Residential,CEMENT,STONE WITH LIME/CEMENT,IRON SHEETS/METAL,Outside the county of the project,,,No,,,0.0,0.0,0.0,1.0,1,0,0,0,0,0,0,0,0,0,0,0,1.0,1.0,1.0,1.0,1.0,1.0,1.0,1.0,0.0,1,0,0,1,0,0,0,1,1,0,1,1,1,0,1.0,215400.0,1.0,852000.0,1.0,34600.0,1,1,0,1,1,0,0,0,0,0,1,0,0,1,1,WATER SERVICE PROVIDER,,1,0.0,0.0,0.0,0.0,0.0,,Septic Tank,,DUMPED  IN A PIT,,0,1,0,0,"No, I did not apply for any loan",,,,0.0,0.0,1.0,0.0,0.0,0.0,0.0,0.0,0.0,0.0,0.0,0.0,0.0,,71851751.0,,,,,,,,,,,,,,,,,,,,,51.0,2.0,42.0,3.0,1.0,1.0,0.0,1.0,0.0,0.0,0.0,0.0,,,One go,,,,,,,0.0,0.0,0.0,0.0,0.0,0.0,0.0,0.0,0.0,1.0,0.0,1.0,1.0,0.0,0.0,0.0,,0.0,0.0,0.0,0.0,0.0,0.0,0.0,0.0,0.0
65-15-52-20,cd6f8a5f657d4f3db63daf6ba4432ba9,11,Email AP camp,0,1,0,0,0,0,Kajiado,4,Emali,Freehold,,Public,No,,Other Specify,Government,,New,Government,,,,,,,0.0,0.0,0.0,1.0,0.0,,11 2023,55.0,06 2024,Residential,CEMENT,STONE WITH LIME/CEMENT,IRON SHEETS/METAL,Within the county of the project,,,No,,,0.0,0.0,0.0,1.0,1,0,0,0,0,0,0,0,0,0,0,0,1.0,1.0,1.0,1.0,1.0,1.0,1.0,1.0,0.0,1,0,0,1,0,0,0,1,1,0,1,1,1,0,1.0,688000.0,1.0,1670000.0,1.0,54000.0,1,1,0,1,1,0,0,0,0,0,1,0,0,1,1,TUBE WELL OR BOREHOLE(OWNED),,1,0.0,0.0,0.0,0.0,0.0,,Septic Tank,,DUMPED  IN A PIT,,0,1,0,0,"No, I did not apply for any loan",,,,0.0,0.0,1.0,0.0,0.0,0.0,0.0,0.0,0.0,0.0,0.0,0.0,0.0,,62596750.0,,,,,,,,,,,,,,,,,,,,,48.0,7.0,42.0,2.0,0.5,0.5,0.0,1.0,0.0,0.0,0.0,0.0,,,One go,,,,,,,0.0,0.0,0.0,0.0,0.0,0.0,0.0,0.0,0.0,1.0,0.0,1.0,1.0,0.0,0.0,0.0,0.0,0.0,0.0,0.0,0.0,0.0,0.0,0.0,0.0,0.0
65-15-52-20,cd6f8a5f657d4f3db63daf6ba4432ba9,12,AP Training college Nairobi,0,1,0,0,0,0,Nairobi City,2,Embakasi,Freehold,,Public,No,,Other Specify,Government,,New,Government,,,,,,,0.0,0.0,0.0,1.0,0.0,,11 2023,25.0,06 2023,Residential,CEMENT,STONE WITH LIME/CEMENT,IRON SHEETS/METAL,Outside the county of the project,,,No,,,0.0,0.0,0.0,1.0,1,0,0,0,0,0,0,0,0,0,0,0,1.0,1.0,1.0,1.0,1.0,1.0,1.0,1.0,0.0,1,0,0,1,0,0,0,1,1,0,1,1,1,0,1.0,25000.0,1.0,250000.0,1.0,15000.0,1,1,0,1,1,0,0,0,0,0,0,0,0,1,1,WATER SERVICE PROVIDER,,1,0.0,0.0,0.0,0.0,0.0,,Main Sewer,,DUMPED  IN A PIT,,0,1,0,0,"No, I did not apply for any loan",,,,0.0,0.0,1.0,0.0,0.0,0.0,0.0,0.0,0.0,0.0,0.0,0.0,0.0,,180471940.0,,,,,,,,,,,,,,,,,,,,,47.0,4.0,42.0,4.0,3.0,1.0,0.0,1.0,0.0,0.0,0.0,0.0,,,One go,,,,,,,0.0,0.0,0.0,0.0,0.0,0.0,0.0,0.0,0.0,1.0,0.0,1.0,1.0,0.0,0.0,0.0,0.0,0.0,0.0,0.0,0.0,0.0,0.0,0.0,0.0,0.0
73-23-99-73,f657764fe8374d0b87a3233b061ba4f0,0,jumeirah heights,0,1,0,0,0,0,Nairobi City,11,parklands,Leasehold,80.0,Private,No,,Other Specify,MPA,,New,Individual- resident,,,,,,,0.0,0.0,0.0,1.0,0.0,,11 2000,100.0,11 2023,Residential,CERAMIC TILES,STONE WITH LIME/CEMENT,CEMENT,Outside the county of the project,,,Yes,EDGE,,,,,,1,1,1,1,1,1,1,1,1,1,1,0,1.0,1.0,0.0,0.0,0.0,0.0,0.0,0.0,0.0,1,1,0,1,0,0,0,1,1,1,1,1,0,0,3.0,100000.0,3.0,80000.0,1.0,50000.0,1,1,0,1,1,1,1,1,1,1,1,0,1,0,1,WATER SERVICE PROVIDER,,1,0.0,1.0,0.0,0.0,0.0,,Main Sewer,,COLLECTED BY PRIVATE COMPANY,,1,1,1,1,"Yes, I sought to get loan",Yes,,Commercial/Microfinance Bank,,,,,,,,,,,,,,,,,,,,,,,,,,,,,,,,,,,,20.0,10.0,30.0,20.0,10.0,10.0,0.0,1.0,0.0,0.0,0.0,0.0,,,In phases,1.0,0.0,1.0,0.0,0.0,0.0,0.0,0.0,0.0,0.0,0.0,0.0,0.0,0.0,0.0,0.0,0.0,1.0,1.0,1.0,0.0,0.0,0.0,0.0,0.0,0.0,0.0,0.0,0.0,0.0,0.0,0.0
73-23-99-73,f657764fe8374d0b87a3233b061ba4f0,1,marina heights,0,1,0,0,0,0,Nairobi City,11,marina estate,Freehold,,Private,No,,Other Specify,villa contractors,,New,Individual- resident,,,,,,,0.0,0.0,0.0,1.0,0.0,,05 2018,100.0,01 2024,Residential,CERAMIC TILES,STONE WITH LIME/CEMENT,CEMENT,Outside the county of the project,,,Yes,EDGE,,,,,,0,1,1,1,1,1,1,1,0,0,0,0,1.0,1.0,0.0,1.0,0.0,0.0,0.0,0.0,0.0,1,1,1,1,0,0,0,1,1,1,1,1,0,0,2.0,50000.0,3.0,100000.0,2.0,120000.0,1,1,0,1,1,0,1,1,1,0,1,1,1,1,1,WATER SERVICE PROVIDER,,1,0.0,1.0,0.0,0.0,0.0,,Main Sewer,,COLLECTED BY PRIVATE COMPANY,,1,1,1,1,"Yes, I sought to get loan",Yes,,Commercial/Microfinance Bank,,,,,,,,,,,,,,,,,,,,,,,,,,,,,,,,,,,,35.0,10.0,40.0,10.0,2.0,3.0,0.0,1.0,0.0,0.0,0.0,0.0,,,In phases,1.0,0.0,0.0,0.0,0.0,0.0,0.0,0.0,0.0,0.0,0.0,0.0,0.0,0.0,0.0,0.0,1.0,1.0,0.0,1.0,0.0,0.0,0.0,0.0,0.0,0.0,0.0,0.0,0.0,0.0,0.0,0.0
73-23-99-73,f657764fe8374d0b87a3233b061ba4f0,2,gateway park apartments,0,1,0,0,0,0,Machakos,1,gateway village,Freehold,,Private,No,,Other Specify,villa contractors,,New,Individual- resident,,,,,,,0.0,0.0,0.0,1.0,0.0,,02 2017,100.0,03 2023,Residential,CERAMIC TILES,STONE WITH LIME/CEMENT,CEMENT,Within the county of the project,,,Yes,EDGE,,,,,,1,1,1,1,1,1,0,1,0,0,0,0,1.0,1.0,0.0,1.0,0.0,0.0,0.0,0.0,0.0,1,1,1,1,0,0,0,0,1,1,1,1,1,0,8.0,2000000.0,5.0,100000.0,2.0,100000.0,1,1,0,1,1,0,1,1,1,0,1,1,1,1,1,TUBE WELL OR BOREHOLE(OWNED),,1,0.0,1.0,0.0,0.0,0.0,,Septic Tank,,COLLECTED BY PRIVATE COMPANY,,1,1,1,1,"Yes, I sought to get loan",Yes,,Commercial/Microfinance Bank,,,,,,,,,,,,,,,,,,,,,,,,,,,,,,,,,,,,40.0,10.0,30.0,5.0,10.0,10.0,0.0,1.0,0.0,0.0,0.0,0.0,,,In phases,1.0,0.0,0.0,0.0,0.0,0.0,0.0,0.0,0.0,0.0,0.0,0.0,0.0,0.0,0.0,0.0,0.0,0.0,1.0,0.0,0.0,0.0,0.0,0.0,0.0,0.0,0.0,0.0,0.0,0.0,0.0,0.0
73-23-99-73,f657764fe8374d0b87a3233b061ba4f0,3,rama heights,0,1,0,0,0,0,Nairobi City,10,rama village,Leasehold,80.0,Private,No,,Other Specify,MPA,,New,Individual- resident,,,,,,,0.0,0.0,0.0,1.0,0.0,,05 2018,30.0,12 2024,Residential,CERAMIC TILES,STONE WITH LIME/CEMENT,CEMENT,Outside the county of the project,,,No,,,0.0,0.0,1.0,0.0,0,1,1,1,1,0,1,1,0,1,0,0,1.0,1.0,0.0,0.0,0.0,0.0,0.0,0.0,0.0,1,1,0,1,0,0,0,0,1,1,1,1,1,0,2.0,100000.0,2.0,120000.0,1.0,100000.0,1,1,0,1,1,0,1,1,1,0,1,0,1,1,1,WATER SERVICE PROVIDER,,1,0.0,1.0,0.0,0.0,0.0,,Main Sewer,,COLLECTED BY PRIVATE COMPANY,,1,1,1,1,"Yes, I sought to get loan",Yes,,Commercial/Microfinance Bank,,,,,,,,,,,,,,,,,,,,,,,,,,,,,,,,,,,,40.0,10.0,30.0,10.0,5.0,5.0,0.0,1.0,0.0,0.0,0.0,0.0,,,In phases,1.0,0.0,0.0,0.0,0.0,0.0,0.0,0.0,0.0,0.0,0.0,0.0,0.0,0.0,0.0,0.0,0.0,0.0,1.0,1.0,0.0,0.0,0.0,0.0,0.0,0.0,0.0,0.0,0.0,0.0,0.0,0.0
73-23-99-73,f657764fe8374d0b87a3233b061ba4f0,4,Euromax heights,0,1,0,0,0,0,Nairobi City,6,south c,Freehold,,Private,No,,Other Specify,MPA,,New,Individual- resident,,,,,,,0.0,0.0,0.0,1.0,0.0,,11 2017,100.0,05 2023,Residential,CERAMIC TILES,STONE WITH LIME/CEMENT,CEMENT,Outside the county of the project,,,Yes,EDGE,,,,,,0,1,1,1,1,1,0,1,0,1,0,0,1.0,1.0,0.0,0.0,0.0,0.0,0.0,0.0,0.0,1,0,1,1,0,0,0,1,1,1,1,1,1,0,2.0,100000.0,3.0,120000.0,2.0,100000.0,1,1,0,1,1,0,1,1,1,0,1,0,1,0,1,WATER SERVICE PROVIDER,,1,0.0,1.0,0.0,0.0,0.0,,Main Sewer,,COLLECTED BY PRIVATE COMPANY,,1,1,1,1,"Yes, I sought to get loan",Yes,,Commercial/Microfinance Bank,,,,,,,,,,,,,,,,,,,,,,,,,,,,,,,,,,,,40.0,5.0,35.0,10.0,2.0,8.0,0.0,1.0,0.0,0.0,0.0,0.0,,,In phases,1.0,0.0,0.0,0.0,0.0,0.0,0.0,0.0,0.0,0.0,0.0,0.0,0.0,0.0,0.0,0.0,1.0,1.0,1.0,1.0,0.0,0.0,0.0,0.0,0.0,0.0,0.0,0.0,0.0,0.0,0.0,0.0
76-34-06-12,4f2323793c654303af6917151122af78,0,RUPA VILLAS,0,1,1,0,0,0,Uasin Gishu,1,RUPA,Leasehold,71.0,Private,No,,Self,,Local,New,Self,1.0,0.0,1.0,0.0,0.0,0.0,1.0,1.0,1.0,0.0,0.0,,11 2014,100.0,12 2019,Residential,CERAMIC TILES,STONE WITH LIME/CEMENT,ROOFING SHINGLES,Within the county of the project,,,No,,,0.0,1.0,0.0,0.0,1,0,0,0,0,0,1,0,0,0,0,0,1.0,0.0,0.0,0.0,0.0,0.0,0.0,0.0,0.0,0,1,0,1,0,0,0,1,1,1,1,1,1,0,1.0,50000.0,3.0,1000000.0,6.0,1400000.0,1,1,0,1,1,1,0,0,0,0,1,0,1,1,1,WATER SERVICE PROVIDER,,1,0.0,0.0,0.0,0.0,0.0,,Main Sewer,,COLLECTED BY COUNTY GOVERNMENT,,1,0,1,0,"Yes, I sought to get loan",Yes,,Commercial/Microfinance Bank,,,,,,,,,,,,,,,,,,,,,,,,,,,,,,,,,,,,50.0,5.0,20.0,5.0,18.0,2.0,0.0,1.0,1.0,0.0,0.0,0.0,,,In phases,0.0,0.0,0.0,1.0,0.0,0.0,0.0,0.0,0.0,0.0,0.0,0.0,0.0,1.0,0.0,0.0,0.0,0.0,1.0,0.0,0.0,0.0,0.0,0.0,0.0,0.0,0.0,0.0,0.0,0.0,0.0,0.0
80-65-20-04,91f514ba701643438aa50460e7e985db,0,Machakos estate,0,1,0,0,0,0,Machakos,5,Machakos town,Freehold,,Public,No,,Other Specify,Local,,New,Government,,,,,,,1.0,0.0,0.0,0.0,0.0,,08 2017,100.0,01 2022,Residential,CERAMIC TILES,STONE WITH LIME/CEMENT,IRON SHEETS/METAL,Within the county of the project,,,No,,,0.0,0.0,0.0,1.0,0,0,0,0,0,0,0,0,0,0,0,0,,,,,,,,,,1,0,1,1,0,0,0,1,1,1,1,1,1,0,,,,,,,1,1,0,1,0,0,0,1,0,0,1,1,0,1,1,WATER SERVICE PROVIDER,,1,0.0,0.0,0.0,0.0,0.0,,Main Sewer,,COLLECTED BY COUNTY GOVERNMENT,,1,0,0,0,"No, I did not apply for any loan",,,,0.0,0.0,1.0,0.0,0.0,0.0,0.0,0.0,0.0,0.0,0.0,0.0,0.0,,684859845.0,,,,,,,,,,,,,,,,,,,,,45.0,15.0,40.0,0.0,0.0,0.0,0.0,1.0,0.0,0.0,0.0,0.0,,,One go,,,,,,,0.0,0.0,0.0,0.0,0.0,0.0,0.0,0.0,0.0,0.0,0.0,1.0,1.0,0.0,0.0,0.0,0.0,0.0,0.0,0.0,0.0,0.0,0.0,0.0,0.0,0.0
80-65-20-04,91f514ba701643438aa50460e7e985db,1,Kiambu project,0,1,0,0,0,0,Kiambu,7,Kiambu town,Freehold,,Public,No,,Other Specify,Local,,New,Government,,,,,,,1.0,0.0,0.0,0.0,0.0,,08 2017,100.0,08 2021,Residential,CERAMIC TILES,STONE WITH LIME/CEMENT,IRON SHEETS/METAL,Within the county of the project,,,No,,,0.0,0.0,0.0,1.0,0,0,0,0,0,0,0,0,0,0,0,0,,,,,,,,,,1,0,1,1,0,0,0,1,1,1,1,1,1,0,,,,,,,1,1,0,1,1,1,0,1,0,0,1,1,0,1,1,WATER SERVICE PROVIDER,,1,0.0,0.0,0.0,0.0,0.0,,Main Sewer,,COLLECTED BY COUNTY GOVERNMENT,,1,0,0,0,"No, I did not apply for any loan",,,,0.0,0.0,1.0,0.0,0.0,0.0,0.0,0.0,0.0,0.0,0.0,0.0,0.0,,706800000.0,,,,,,,,,,,,,,,,,,,,,45.0,15.0,40.0,0.0,0.0,0.0,0.0,1.0,0.0,0.0,0.0,0.0,,,One go,,,,,,,0.0,0.0,0.0,0.0,0.0,0.0,0.0,0.0,0.0,0.0,1.0,1.0,1.0,0.0,0.0,0.0,0.0,0.0,0.0,0.0,0.0,0.0,0.0,0.0,0.0,0.0
80-65-20-04,91f514ba701643438aa50460e7e985db,2,Embu estate,0,1,0,0,0,0,Embu,1,Embu town,Freehold,,Public,No,,Other Specify,Local,,New,Government,,,,,,,1.0,0.0,0.0,0.0,0.0,,08 2017,100.0,06 2019,Residential,CERAMIC TILES,STONE WITH LIME/CEMENT,IRON SHEETS/METAL,Within the county of the project,,,No,,,0.0,0.0,0.0,1.0,0,0,0,0,0,0,0,0,0,0,0,0,,,,,,,,,,1,0,1,1,0,0,0,1,1,1,1,1,1,0,,,,,,,1,1,0,1,1,1,0,1,0,0,1,1,1,1,1,WATER SERVICE PROVIDER,,1,0.0,0.0,0.0,0.0,0.0,,Main Sewer,,COLLECTED BY COUNTY GOVERNMENT,,1,0,0,0,"No, I did not apply for any loan",,,,0.0,0.0,1.0,0.0,0.0,0.0,0.0,0.0,0.0,0.0,0.0,0.0,0.0,,843932665.0,,,,,,,,,,,,,,,,,,,,,45.0,15.0,40.0,0.0,0.0,0.0,0.0,1.0,0.0,0.0,0.0,0.0,,,One go,,,,,,,0.0,0.0,0.0,0.0,0.0,0.0,0.0,0.0,0.0,0.0,0.0,1.0,1.0,0.0,0.0,0.0,0.0,0.0,0.0,0.0,0.0,0.0,0.0,0.0,0.0,0.0
83-54-08-08,397fbcfd50bc4d42b0f4f9d06d50e5ee,0,moke gardens housing project,1,1,0,0,0,0,Machakos,1,lukenya,Leasehold,99.0,Private,Yes,Residential  Single-Dwelling To Multi-Dwelling,Self,,Local,New,Self,0.0,0.0,0.0,0.0,1.0,0.0,0.0,0.0,1.0,0.0,0.0,,05 2008,25.0,##N/A##,Residential,PARQUET OR POLISHED WOOD,STONE WITH LIME/CEMENT,IRON SHEETS/METAL,Within the county of the project,,,No,,,0.0,0.0,1.0,0.0,1,1,0,0,0,1,0,0,0,0,0,0,1.0,1.0,1.0,1.0,0.0,0.0,0.0,0.0,0.0,0,1,1,0,0,0,0,1,1,1,1,0,1,0,0.0,0.0,0.0,0.0,0.0,0.0,1,1,0,1,1,1,1,1,0,0,1,1,1,1,1,WATER SERVICE PROVIDER,,1,0.0,1.0,1.0,0.0,0.0,,Main Sewer,,COLLECTED BY PRIVATE COMPANY,,1,0,0,0,"Yes, I sought to get loan",Yes,,Commercial/Microfinance Bank,,,,,,,,,,,,,,,,,,,,,,,,,,,,,,,,,,,,40.0,5.0,25.0,5.0,5.0,20.0,0.0,1.0,1.0,0.0,0.0,0.0,,,In phases,1.0,0.0,0.0,0.0,0.0,0.0,0.0,0.0,0.0,0.0,0.0,0.0,0.0,1.0,0.0,1.0,1.0,0.0,1.0,0.0,0.0,0.0,0.0,0.0,0.0,0.0,0.0,0.0,0.0,0.0,0.0,0.0
84-02-19-54,b1bddaf5e8ca4a4ea1d8321f2e6b8646,0,Buxton point,0,1,0,0,0,0,Mombasa,6,Buxton,Leasehold,99.0,Public,Yes,Residential  Single-Dwelling To Multi-Dwelling,Other Specify,RABDIYA,,New,Government,,,,,,,1.0,1.0,1.0,0.0,0.0,,07 2021,80.0,11 2023,Mixed Use,CERAMIC TILES,CEMENT BLOCKS,CERAMIC TILES,Within the county of the project,,,Yes,EDGE,,,,,,0,0,0,0,0,0,0,1,1,0,0,0,1.0,1.0,1.0,1.0,1.0,1.0,0.0,0.0,0.0,0,1,1,1,0,1,1,1,1,0,0,1,0,0,2.0,1000000.0,10.0,60000000.0,6.0,20000000.0,1,1,1,1,1,1,1,0,0,1,1,1,1,1,1,WATER SERVICE PROVIDER,,1,0.0,0.0,0.0,,0.0,,Main Sewer,,COLLECTED BY COUNTY GOVERNMENT,,1,1,1,1,"No, I did not apply for any loan",,,,0.0,0.0,0.0,0.0,0.0,0.0,0.0,1.0,0.0,0.0,0.0,0.0,0.0,,,,,19000000000.0,,,,,,,,,,,,,,,,,,60.0,10.0,12.0,13.0,2.0,3.0,0.0,1.0,0.0,0.0,0.0,0.0,,,One go,,,,,,,0.0,0.0,0.0,0.0,0.0,0.0,0.0,0.0,0.0,0.0,1.0,1.0,1.0,0.0,0.0,0.0,0.0,0.0,0.0,0.0,0.0,0.0,0.0,0.0,0.0,0.0
87-93-49-82,b89147d421c04d318f33a9ffefa2f9f2,0,88Nairobi,0,1,0,0,0,0,Nairobi City,11,4th ngong,Leasehold,99.0,Private,Yes,Residential  Single-Dwelling To Multi-Dwelling,Other Specify,ZHEJIANG CHENGJIAN CONSTRUCTION COMPANY,,New,Private company- local,,,,,,,1.0,1.0,1.0,0.0,0.0,,12 2022,70.0,12 2025,Mixed Use,CERAMIC TILES,CEMENT BLOCKS,CEMENT,Within the county of the project,,,No,,,0.0,0.0,1.0,0.0,0,0,1,0,0,1,0,0,1,1,0,0,1.0,0.0,1.0,1.0,0.0,1.0,0.0,1.0,0.0,1,1,0,1,0,1,0,1,1,1,1,1,1,1,0.0,0.0,0.0,0.0,0.0,0.0,1,1,0,1,1,1,1,1,1,1,1,1,1,1,1,WATER SERVICE PROVIDER,,1,0.0,1.0,0.0,0.0,0.0,,Main Sewer,,COLLECTED BY PRIVATE COMPANY,,1,1,1,1,"No, I did not apply for any loan",,,,0.0,0.0,0.0,1.0,0.0,0.0,0.0,0.0,0.0,0.0,0.0,0.0,0.0,,,0.0,,,,,,,,,,,,,,,,,,,,75.0,5.0,10.0,3.0,10.0,2.0,0.0,1.0,0.0,0.0,0.0,0.0,,,Both,1.0,1.0,0.0,0.0,0.0,0.0,0.0,0.0,0.0,0.0,0.0,0.0,0.0,0.0,0.0,1.0,1.0,1.0,1.0,1.0,0.0,0.0,0.0,0.0,0.0,0.0,0.0,0.0,0.0,0.0,0.0,0.0
91-05-30-83,558e056cc5634d20a3026c4eb8b02c00,0,"Buxton Point Apartments in Mombasa, Phase 1",0,1,0,0,0,1,Mombasa,5,Nyali Bridge,Leasehold,,Community,No,,Self,,Local,New,Government,,,,,,,1.0,1.0,0.0,0.0,0.0,,##N/A##,100.0,##N/A##,Mixed Use,CERAMIC TILES,CEMENT BLOCKS,CEMENT,Within the county of the project,,,Yes,EDGE,,,,,,1,0,0,0,0,0,0,0,0,0,0,0,0.0,1.0,1.0,1.0,0.0,0.0,0.0,0.0,0.0,0,0,1,1,0,1,1,0,1,0,0,1,1,0,3.0,450000.0,14.0,65000000.0,8.0,19000000.0,1,1,0,1,1,1,0,0,0,0,1,1,1,1,1,WATER SERVICE PROVIDER,,1,0.0,1.0,1.0,0.0,0.0,,Bio digester,,COLLECTED BY COUNTY GOVERNMENT,,1,0,0,1,"Yes, I sought to get loan",Yes,,Commercial/Microfinance Bank,,,,,,,,,,,,,,,,,,,,,,,,,,,,,,,,,,,,,,,,,,,,,,,,,,,,,,,,,,,,,,,,,,,,,,,,,,,,,,,,,,
96-96-56-54,8a6fb14463d044b38e8d35d9801b285c,0,Capital m apartments,0,1,0,0,0,0,Nairobi City,11,Muthithi road,Leasehold,43.0,Private,No,,Self,,Local,New,Self,1.0,1.0,0.0,0.0,1.0,0.0,1.0,0.0,0.0,0.0,0.0,,06 2017,100.0,12 2019,Residential,CERAMIC TILES,STONE WITH LIME/CEMENT,CEMENT,Within the county of the project,,,Yes,EDGE,,,,,,0,0,0,0,0,0,1,0,0,0,0,0,1.0,0.0,0.0,0.0,0.0,0.0,0.0,0.0,0.0,1,1,0,1,0,0,0,1,1,1,1,1,1,1,1.0,50000.0,1.0,300000.0,1.0,15000.0,1,1,0,1,1,1,1,1,0,0,0,0,1,0,1,WATER SERVICE PROVIDER,,1,0.0,0.0,1.0,0.0,0.0,,Main Sewer,,COLLECTED BY PRIVATE COMPANY,,1,1,1,1,"Yes, I sought to get loan",Yes,,Other Specify,,,,,,,,,,,,,,,,,,,,,,,,,,,,,,,,,,,,50.0,10.0,25.0,10.0,0.0,5.0,0.0,1.0,0.0,0.0,0.0,0.0,,,One go,,,,,,,,,,,,,,,,,1.0,1.0,,,,,,,,,,,,,,
98-77-65-44,da70ba10ddbb4a54a9c9b93459ca2dbd,0,Almaa appartments one bedroom,0,1,0,0,0,0,Kiambu,6,ruaka,Freehold,,Private,Yes,Agricultural to residential,Other Specify,CATIC,,New,Private company- local,,,,,,,0.0,0.0,0.0,0.0,1.0,main contracting,06 2016,80.0,05 2023,Mixed Use,EARTH/SAND,STONE WITH LIME/CEMENT,CEMENT,Outside the county of the project,,,Yes,EDGE,,,,,,0,0,1,1,1,1,0,0,1,1,0,0,1.0,0.0,0.0,0.0,1.0,0.0,0.0,1.0,0.0,0,1,1,1,0,1,0,1,1,0,1,1,0,1,1.0,850000.0,2.0,100000.0,1.0,250000.0,1,1,0,0,1,1,1,0,1,1,1,1,1,1,1,TUBE WELL OR BOREHOLE(OWNED),,1,0.0,1.0,1.0,0.0,0.0,,Main Sewer,,COLLECTED BY PRIVATE COMPANY,,0,0,1,0,"Yes, I sought to get loan",Yes,,Commercial/Microfinance Bank,,,,,,,,,,,,,,,,,,,,,,,,,,,,,,,,,,,,35.0,15.0,25.0,15.0,5.0,5.0,0.0,1.0,0.0,0.0,0.0,0.0,,,In phases,1.0,0.0,0.0,1.0,0.0,0.0,0.0,0.0,0.0,0.0,0.0,0.0,0.0,0.0,0.0,0.0,1.0,0.0,0.0,0.0,0.0,0.0,0.0,0.0,0.0,0.0,0.0,0.0,0.0,0.0,0.0,0.0
98-77-65-44,da70ba10ddbb4a54a9c9b93459ca2dbd,1,Alma appartments 2 bedroom,0,1,0,0,0,0,Kiambu,6,ruaka,Freehold,,Private,Yes,Agricultural to residential,Self,,Local,New,Self,1.0,1.0,1.0,0.0,1.0,0.0,0.0,0.0,0.0,0.0,1.0,main contracting,06 2016,100.0,05 2023,Residential,CERAMIC TILES,STONE WITH LIME/CEMENT,CEMENT,Within the county of the project,,,Yes,EDGE,,,,,,0,0,1,1,1,1,1,0,1,1,0,0,1.0,0.0,1.0,0.0,1.0,0.0,0.0,1.0,0.0,1,1,1,1,0,0,0,1,1,1,1,1,0,0,1.0,200000.0,1.0,150000.0,1.0,200000.0,1,1,0,1,1,1,1,1,1,0,1,0,1,1,1,TUBE WELL OR BOREHOLE(OWNED),,1,0.0,0.0,0.0,0.0,0.0,,Main Sewer,,COLLECTED BY PRIVATE COMPANY,,0,0,1,1,"Yes, I sought to get loan",Yes,,Commercial/Microfinance Bank,,,,,,,,,,,,,,,,,,,,,,,,,,,,,,,,,,,,35.0,15.0,25.0,15.0,5.0,5.0,0.0,1.0,0.0,0.0,0.0,0.0,,,In phases,0.0,0.0,0.0,1.0,0.0,0.0,0.0,0.0,0.0,0.0,0.0,0.0,0.0,0.0,0.0,0.0,0.0,1.0,0.0,0.0,0.0,0.0,0.0,0.0,0.0,0.0,0.0,0.0,0.0,0.0,0.0,0.0
98-77-65-44,da70ba10ddbb4a54a9c9b93459ca2dbd,2,Alma appartments 3 bedroom,0,1,0,0,0,0,Kiambu,6,ruaka,Freehold,,Private,Yes,Agricultural to residential,Other Specify,CATIC,,New,Self,1.0,1.0,1.0,1.0,1.0,0.0,0.0,0.0,0.0,0.0,1.0,main contracting,06 2021,100.0,05 2023,Residential,CERAMIC TILES,STONE WITH LIME/CEMENT,CEMENT,Within the county of the project,,,Yes,EDGE,,,,,,1,1,1,1,1,1,0,0,1,1,0,0,1.0,0.0,1.0,0.0,0.0,0.0,0.0,1.0,0.0,1,1,1,1,0,1,0,1,0,0,1,1,0,0,1.0,200000.0,2.0,250000.0,1.0,250000.0,1,1,0,1,1,1,1,1,1,0,1,0,1,1,1,TUBE WELL OR BOREHOLE(OWNED),,1,0.0,1.0,0.0,0.0,0.0,,Main Sewer,,COLLECTED BY PRIVATE COMPANY,,0,0,1,1,"Yes, I sought to get loan",Yes,,Commercial/Microfinance Bank,,,,,,,,,,,,,,,,,,,,,,,,,,,,,,,,,,,,35.0,15.0,25.0,15.0,5.0,5.0,0.0,1.0,0.0,0.0,0.0,0.0,,,In phases,1.0,0.0,0.0,1.0,0.0,0.0,0.0,0.0,0.0,0.0,0.0,0.0,0.0,0.0,0.0,0.0,0.0,0.0,1.0,0.0,0.0,0.0,0.0,0.0,0.0,0.0,0.0,0.0,0.0,0.0,0.0,0.0
